DEPTH,AT10,AT20,AT30,AT60,AT90,CALI,DENC,DENS,DTC,DTS1,DTS2,GR,NEUT,PEF,SP,RDEP,well,lon,lat,depth_file,core_depths,image_file,porosity,DTS,RSHAL,RMED,facies,permeability
1812.1128,30.0065,36.724,35.2649,23.4317,23.9072,12.118,-0.0042,2.1037,114.4911,216.7765,241.5543,40.0711,0.3366,3.8203,107.0,1.2496,205-21b-3,3.9959999996,60.32,/home/km1123/Lecture/ads-arcadia-reservoirrocks/geointerpreter/data/205-21b-3_depth.npy,"(1812.0, 1839.0)",/home/km1123/Lecture/ads-arcadia-reservoirrocks/geointerpreter/data/205-21b-3_image.npy,23.372133333334034,216.7765,33.365249999999996,29.3483,sh,351.55398046942435
1812.2652,22.9037,25.8406,25.609,20.065,19.8106,12.2103,-0.004,2.1119,114.2857,216.339,243.1248,42.875,0.3568,3.7678,107.625,1.2612,205-21b-3,3.9959999996,60.32,/home/km1123/Lecture/ads-arcadia-reservoirrocks/geointerpreter/data/205-21b-3_depth.npy,"(1812.0, 1839.0)",/home/km1123/Lecture/ads-arcadia-reservoirrocks/geointerpreter/data/205-21b-3_image.npy,24.032533333333888,216.339,24.372149999999998,22.837000000000003,sh,416.9447355199294
1812.4176,10.9299,11.044,11.5311,13.7229,13.2441,12.3622,-0.0022,2.1415,113.9048,222.1246,237.9863,43.5429,0.3811,3.6572,107.625,1.2905,205-21b-3,3.9959999996,60.32,/home/km1123/Lecture/ads-arcadia-reservoirrocks/geointerpreter/data/205-21b-3_depth.npy,"(1812.0, 1839.0)",/home/km1123/Lecture/ads-arcadia-reservoirrocks/geointerpreter/data/205-21b-3_image.npy,23.273333333332616,222.1246,10.98695,12.626999999999999,sh,488.24170654597924
1812.57,9.0866,8.9859,9.4058,10.9573,10.739,12.383,-0.0002,2.1711,113.7173,218.2412,236.8431,50.7017,0.3929,3.7,106.875,1.4469,205-21b-3,3.9959999996,60.32,/home/km1123/Lecture/ads-arcadia-reservoirrocks/geointerpreter/data/205-21b-3_depth.npy,"(1812.0, 1839.0)",/home/km1123/Lecture/ads-arcadia-reservoirrocks/geointerpreter/data/205-21b-3_image.npy,21.709090909091106,218.2412,9.03625,10.18155,sh,391.5224501663939
1812.7224,6.2646,5.9241,6.036,5.5879,5.5494,12.3879,-0.0057,2.2011,113.7887,220.1747,236.6402,51.8244,0.4008,3.6377,107.0,1.4748,205-21b-3,3.9959999996,60.32,/home/km1123/Lecture/ads-arcadia-reservoirrocks/geointerpreter/data/205-21b-3_depth.npy,"(1812.0, 1839.0)",/home/km1123/Lecture/ads-arcadia-reservoirrocks/geointerpreter/data/205-21b-3_image.npy,21.303636363636485,220.1747,6.09435,5.8119499999999995,sh,356.7194363439591
1812.8748,6.0137,5.6645,5.7313,5.1768,5.1213,12.386,-0.0059,2.2203,113.7798,219.4272,234.796,54.0885,0.3969,3.4561,107.25,1.4515,205-21b-3,3.9959999996,60.32,/home/km1123/Lecture/ads-arcadia-reservoirrocks/geointerpreter/data/205-21b-3_depth.npy,"(1812.0, 1839.0)",/home/km1123/Lecture/ads-arcadia-reservoirrocks/geointerpreter/data/205-21b-3_image.npy,21.53454545454554,219.4272,5.8391,5.4540500000000005,sh,365.7204231349459
1813.0272,7.8119,7.3458,7.6149,7.6094,7.5039,12.4271,-0.0078,2.196,114.4107,216.1605,234.1567,48.042,0.3812,3.2011,106.9375,1.3945,205-21b-3,3.9959999996,60.32,/home/km1123/Lecture/ads-arcadia-reservoirrocks/geointerpreter/data/205-21b-3_depth.npy,"(1812.0, 1839.0)",/home/km1123/Lecture/ads-arcadia-reservoirrocks/geointerpreter/data/205-21b-3_image.npy,21.7654545454546,216.1605,7.578849999999999,7.61215,sh,374.32183164350266
1813.1796,9.7692,9.1313,9.7335,10.6687,10.5761,12.2568,-0.0105,2.1511,115.0625,216.1108,229.5038,42.7364,0.3524,3.1202,106.3125,1.35,205-21b-3,3.9959999996,60.32,/home/km1123/Lecture/ads-arcadia-reservoirrocks/geointerpreter/data/205-21b-3_depth.npy,"(1812.0, 1839.0)",/home/km1123/Lecture/ads-arcadia-reservoirrocks/geointerpreter/data/205-21b-3_image.npy,21.8,216.1108,9.45025,10.2011,sh,353.23080776838793
1813.332,19.4475,18.4541,18.3025,25.9897,26.7875,12.1862,-0.0125,2.1194,115.631,215.2676,223.8676,36.3034,0.3384,3.5329,105.9375,1.3203,205-21b-3,3.9959999996,60.32,/home/km1123/Lecture/ads-arcadia-reservoirrocks/geointerpreter/data/205-21b-3_depth.npy,"(1812.0, 1839.0)",/home/km1123/Lecture/ads-arcadia-reservoirrocks/geointerpreter/data/205-21b-3_image.npy,21.84800000000022,215.2676,18.9508,22.146099999999997,sh,327.3302825259536
1813.4844,19.3359,19.086,17.274,24.9778,26.1666,12.2946,-0.0083,2.1073,116.003,217.3879,222.3156,39.2585,0.3347,3.9883,105.875,1.3142,205-21b-3,3.9959999996,60.32,/home/km1123/Lecture/ads-arcadia-reservoirrocks/geointerpreter/data/205-21b-3_depth.npy,"(1812.0, 1839.0)",/home/km1123/Lecture/ads-arcadia-reservoirrocks/geointerpreter/data/205-21b-3_image.npy,22.07660000000008,217.3879,19.210949999999997,21.1259,sh,412.89925736172387
1813.6368,7.9959,8.4665,7.8951,6.7892,7.1104,12.3203,-0.0047,2.1159,115.6131,218.8213,221.9745,43.4786,0.3582,4.5514,104.5625,1.351,205-21b-3,3.9959999996,60.32,/home/km1123/Lecture/ads-arcadia-reservoirrocks/geointerpreter/data/205-21b-3_depth.npy,"(1812.0, 1839.0)",/home/km1123/Lecture/ads-arcadia-reservoirrocks/geointerpreter/data/205-21b-3_image.npy,23.46799999999977,218.8213,8.2312,7.34215,sh,478.22322036841416
1813.7892,6.5023,6.8399,6.6298,5.3608,5.604,12.3643,-0.0046,2.1419,115.0298,216.9287,222.3292,49.0026,0.3816,4.221,104.1875,1.351,205-21b-3,3.9959999996,60.32,/home/km1123/Lecture/ads-arcadia-reservoirrocks/geointerpreter/data/205-21b-3_depth.npy,"(1812.0, 1839.0)",/home/km1123/Lecture/ads-arcadia-reservoirrocks/geointerpreter/data/205-21b-3_image.npy,25.390424242423062,216.9287,6.6711,5.9953,sh,556.0426121433059
1813.9416,5.4606,5.715,5.7191,4.5893,4.8064,12.3898,-0.0016,2.1886,113.9137,217.9018,224.6541,54.8996,0.3947,4.0762,103.875,1.3509,205-21b-3,3.9959999996,60.32,/home/km1123/Lecture/ads-arcadia-reservoirrocks/geointerpreter/data/205-21b-3_depth.npy,"(1812.0, 1839.0)",/home/km1123/Lecture/ads-arcadia-reservoirrocks/geointerpreter/data/205-21b-3_image.npy,27.791878787880826,217.9018,5.5878,5.1541999999999994,sh,781.9695724431072
1814.094,3.8298,3.9643,4.1068,3.8417,4.0685,12.2921,-0.0003,2.2347,113.3185,218.0207,229.0042,62.6049,0.3936,3.7346,101.6875,1.3201,205-21b-3,3.9959999996,60.32,/home/km1123/Lecture/ads-arcadia-reservoirrocks/geointerpreter/data/205-21b-3_depth.npy,"(1812.0, 1839.0)",/home/km1123/Lecture/ads-arcadia-reservoirrocks/geointerpreter/data/205-21b-3_image.npy,29.165599999999266,218.0207,3.89705,3.9742499999999996,sh,848.5432840305625
1814.2464,3.5718,3.6748,3.7731,3.6981,3.9113,12.1752,-0.0009,2.2568,112.8869,218.8782,243.6963,62.2638,0.393,3.9257,99.8125,1.296,205-21b-3,3.9959999996,60.32,/home/km1123/Lecture/ads-arcadia-reservoirrocks/geointerpreter/data/205-21b-3_depth.npy,"(1812.0, 1839.0)",/home/km1123/Lecture/ads-arcadia-reservoirrocks/geointerpreter/data/205-21b-3_image.npy,28.0073599999997,218.8782,3.6233,3.7356,sh,640.0587579804566
1814.3988,3.1443,3.1689,3.1599,3.1885,3.3181,12.1508,-0.0031,2.2782,112.9226,222.4496,244.7282,62.2707,0.384,3.9908,98.875,1.296,205-21b-3,3.9959999996,60.32,/home/km1123/Lecture/ads-arcadia-reservoirrocks/geointerpreter/data/205-21b-3_depth.npy,"(1812.0, 1839.0)",/home/km1123/Lecture/ads-arcadia-reservoirrocks/geointerpreter/data/205-21b-3_image.npy,29.081999999999407,222.4496,3.1566,3.1742,sh,547.6656927920565
1814.5512,3.052,3.0652,3.0622,3.0835,3.1953,12.1496,-0.0039,2.2931,112.5387,224.9442,246.1796,68.3544,0.3885,4.0224,97.9375,1.3262,205-21b-3,3.9959999996,60.32,/home/km1123/Lecture/ads-arcadia-reservoirrocks/geointerpreter/data/205-21b-3_depth.npy,"(1812.0, 1839.0)",/home/km1123/Lecture/ads-arcadia-reservoirrocks/geointerpreter/data/205-21b-3_image.npy,31.009600000000773,224.9442,3.0586,3.07285,sh,617.2323686414596
1814.7036,2.7945,2.8273,2.8851,2.9612,3.0426,12.1482,-0.0053,2.3071,112.7976,232.3383,252.5133,67.9018,0.3851,3.9169,97.0,1.36,205-21b-3,3.9959999996,60.32,/home/km1123/Lecture/ads-arcadia-reservoirrocks/geointerpreter/data/205-21b-3_depth.npy,"(1812.0, 1839.0)",/home/km1123/Lecture/ads-arcadia-reservoirrocks/geointerpreter/data/205-21b-3_image.npy,32.196914285714286,232.3383,2.8109,2.9231499999999997,sh,588.1757669098579
1814.856,2.7241,2.7715,2.8369,2.93,3.0026,12.1496,-0.0051,2.3196,112.9137,234.0511,252.024,67.1864,0.3991,3.9079,96.375,1.3726,205-21b-3,3.9959999996,60.32,/home/km1123/Lecture/ads-arcadia-reservoirrocks/geointerpreter/data/205-21b-3_depth.npy,"(1812.0, 1839.0)",/home/km1123/Lecture/ads-arcadia-reservoirrocks/geointerpreter/data/205-21b-3_image.npy,32.066285714285726,234.0511,2.7478,2.88345,sh,651.7692930806568
1815.0084,2.6645,2.7343,2.802,2.8926,2.949,12.1459,-0.01,2.319,113.1935,234.0055,249.7144,68.7052,0.4004,3.957,96.5625,1.3758,205-21b-3,3.9959999996,60.32,/home/km1123/Lecture/ads-arcadia-reservoirrocks/geointerpreter/data/205-21b-3_depth.npy,"(1812.0, 1839.0)",/home/km1123/Lecture/ads-arcadia-reservoirrocks/geointerpreter/data/205-21b-3_image.npy,31.935657142857167,234.0055,2.6994,2.8472999999999997,sh,651.7556567170204
1815.1608,2.718,2.79,2.8639,2.9634,3.0197,12.1276,-0.0133,2.3095,112.8333,235.9676,247.4272,68.6251,0.4074,3.8814,96.4375,1.3503,205-21b-3,3.9959999996,60.32,/home/km1123/Lecture/ads-arcadia-reservoirrocks/geointerpreter/data/205-21b-3_depth.npy,"(1812.0, 1839.0)",/home/km1123/Lecture/ads-arcadia-reservoirrocks/geointerpreter/data/205-21b-3_image.npy,29.28511999999637,235.9676,2.754,2.91365,sh,656.538665375029
1815.3132,3.1379,3.2335,3.3077,3.5111,3.5785,12.1166,-0.0137,2.2867,112.372,233.8674,245.0782,63.7099,0.3813,3.6723,95.1875,1.3382,205-21b-3,3.9959999996,60.32,/home/km1123/Lecture/ads-arcadia-reservoirrocks/geointerpreter/data/205-21b-3_depth.npy,"(1812.0, 1839.0)",/home/km1123/Lecture/ads-arcadia-reservoirrocks/geointerpreter/data/205-21b-3_image.npy,25.79539999999854,233.8674,3.1856999999999998,3.4093999999999998,sh,277.7957150149316
1815.4656,3.3495,3.4609,3.5127,3.7557,3.8266,12.0922,-0.0121,2.2592,111.994,228.5209,243.1427,61.6355,0.39,3.4958,94.75,1.3523,205-21b-3,3.9959999996,60.32,/home/km1123/Lecture/ads-arcadia-reservoirrocks/geointerpreter/data/205-21b-3_depth.npy,"(1812.0, 1839.0)",/home/km1123/Lecture/ads-arcadia-reservoirrocks/geointerpreter/data/205-21b-3_image.npy,23.433199999999957,228.5209,3.4052,3.6342,sh,218.08362121212122
1815.618,4.2104,4.3614,4.3555,4.5511,4.6387,12.0823,-0.012,2.2376,111.9881,225.8288,243.3341,55.7418,0.3726,3.4315,95.3125,1.4012,205-21b-3,3.9959999996,60.32,/home/km1123/Lecture/ads-arcadia-reservoirrocks/geointerpreter/data/205-21b-3_depth.npy,"(1812.0, 1839.0)",/home/km1123/Lecture/ads-arcadia-reservoirrocks/geointerpreter/data/205-21b-3_image.npy,25.790999999997826,225.8288,4.2859,4.4533000000000005,sh,495.48015702479347
1815.7704,4.3401,4.4829,4.4963,4.6342,4.7239,12.085,-0.0098,2.232,112.2798,223.1238,243.7685,52.7503,0.3941,3.5524,94.6875,1.4471,205-21b-3,3.9959999996,60.32,/home/km1123/Lecture/ads-arcadia-reservoirrocks/geointerpreter/data/205-21b-3_depth.npy,"(1812.0, 1839.0)",/home/km1123/Lecture/ads-arcadia-reservoirrocks/geointerpreter/data/205-21b-3_image.npy,28.13000000000036,223.1238,4.4115,4.56525,sh,815.3462995943684
1815.9228,4.4271,4.559,4.5955,4.6843,4.7707,12.0826,-0.0069,2.2383,112.6548,223.0276,242.8108,55.6568,0.3799,3.6461,94.5,1.4671,205-21b-3,3.9959999996,60.32,/home/km1123/Lecture/ads-arcadia-reservoirrocks/geointerpreter/data/205-21b-3_depth.npy,"(1812.0, 1839.0)",/home/km1123/Lecture/ads-arcadia-reservoirrocks/geointerpreter/data/205-21b-3_image.npy,28.84437500000024,223.0276,4.49305,4.639900000000001,sh,711.7627799740366
1816.0752,4.7627,4.8884,4.97,5.0489,5.1152,12.0848,-0.0058,2.2325,113.3363,222.5766,242.3297,53.9188,0.3975,3.6607,94.875,1.4739,205-21b-3,3.9959999996,60.32,/home/km1123/Lecture/ads-arcadia-reservoirrocks/geointerpreter/data/205-21b-3_depth.npy,"(1812.0, 1839.0)",/home/km1123/Lecture/ads-arcadia-reservoirrocks/geointerpreter/data/205-21b-3_image.npy,28.01935999999969,222.5766,4.82555,5.009449999999999,sh,792.336878106765
1816.2276,5.0114,5.1442,5.2305,5.3775,5.4473,12.0824,-0.0089,2.2037,113.9613,222.5186,241.9034,54.2213,0.3812,3.5495,94.5,1.4671,205-21b-3,3.9959999996,60.32,/home/km1123/Lecture/ads-arcadia-reservoirrocks/geointerpreter/data/205-21b-3_depth.npy,"(1812.0, 1839.0)",/home/km1123/Lecture/ads-arcadia-reservoirrocks/geointerpreter/data/205-21b-3_image.npy,24.483680000001005,222.5186,5.0778,5.304,sh,393.8851323979051
1816.38,5.9849,6.0988,6.237,6.7701,6.8973,12.086,-0.011,2.1731,114.4554,222.8957,243.331,56.4881,0.3688,3.457,93.9375,1.4464,205-21b-3,3.9959999996,60.32,/home/km1123/Lecture/ads-arcadia-reservoirrocks/geointerpreter/data/205-21b-3_depth.npy,"(1812.0, 1839.0)",/home/km1123/Lecture/ads-arcadia-reservoirrocks/geointerpreter/data/205-21b-3_image.npy,24.355555555556244,222.8957,6.04185,6.503550000000001,sh,438.259609309882
1816.5324,6.0878,6.1799,6.3386,6.9165,7.0461,12.0825,-0.0091,2.1649,113.5625,221.259,242.951,56.7416,0.3717,3.5462,93.9375,1.4139,205-21b-3,3.9959999996,60.32,/home/km1123/Lecture/ads-arcadia-reservoirrocks/geointerpreter/data/205-21b-3_depth.npy,"(1812.0, 1839.0)",/home/km1123/Lecture/ads-arcadia-reservoirrocks/geointerpreter/data/205-21b-3_image.npy,24.323199999999865,221.259,6.13385,6.627549999999999,sh,419.5142629895358
1816.6848,5.3932,5.4381,5.5674,5.9563,6.038,12.0848,-0.0055,2.1839,112.378,221.7712,244.4597,56.2621,0.3848,3.662,93.3125,1.3774,205-21b-3,3.9959999996,60.32,/home/km1123/Lecture/ads-arcadia-reservoirrocks/geointerpreter/data/205-21b-3_depth.npy,"(1812.0, 1839.0)",/home/km1123/Lecture/ads-arcadia-reservoirrocks/geointerpreter/data/205-21b-3_image.npy,23.2564000000001,221.7712,5.41565,5.76185,sh,379.83185202676117
1816.8372,5.0798,5.1072,5.2358,5.5562,5.6415,12.0788,-0.0086,2.1918,112.6488,221.6696,241.519,58.796,0.3881,3.7973,93.0625,1.3627,205-21b-3,3.9959999996,60.32,/home/km1123/Lecture/ads-arcadia-reservoirrocks/geointerpreter/data/205-21b-3_depth.npy,"(1812.0, 1839.0)",/home/km1123/Lecture/ads-arcadia-reservoirrocks/geointerpreter/data/205-21b-3_image.npy,31.432800000001805,221.6696,5.0935,5.396,sh,1072.028031841599
1816.9896,4.3174,4.2788,4.4385,4.5184,4.624,12.0934,-0.0077,2.2113,113.4613,224.1322,242.8632,56.2568,0.3708,3.6786,93.0,1.3627,205-21b-3,3.9959999996,60.32,/home/km1123/Lecture/ads-arcadia-reservoirrocks/geointerpreter/data/205-21b-3_depth.npy,"(1812.0, 1839.0)",/home/km1123/Lecture/ads-arcadia-reservoirrocks/geointerpreter/data/205-21b-3_image.npy,30.913119999997438,224.1322,4.2981,4.4784500000000005,sh,1078.9492378192217
1817.142,4.1593,4.106,4.2656,4.2626,4.356,12.0941,-0.0067,2.2262,113.1369,222.6073,241.1797,58.3707,0.3782,3.7197,93.125,1.3751,205-21b-3,3.9959999996,60.32,/home/km1123/Lecture/ads-arcadia-reservoirrocks/geointerpreter/data/205-21b-3_depth.npy,"(1812.0, 1839.0)",/home/km1123/Lecture/ads-arcadia-reservoirrocks/geointerpreter/data/205-21b-3_image.npy,28.962399999998162,222.6073,4.13265,4.2641,sh,723.7325817631565
1817.2944,4.3318,4.2756,4.3697,4.2771,4.3151,12.0947,-0.0061,2.2308,113.1161,224.3936,240.1832,52.7982,0.3849,3.6563,93.25,1.3879,205-21b-3,3.9959999996,60.32,/home/km1123/Lecture/ads-arcadia-reservoirrocks/geointerpreter/data/205-21b-3_depth.npy,"(1812.0, 1839.0)",/home/km1123/Lecture/ads-arcadia-reservoirrocks/geointerpreter/data/205-21b-3_image.npy,27.01167999999889,224.3936,4.3037,4.3233999999999995,sh,647.8603449091015
1817.4468,4.6961,4.6521,4.7049,4.6854,4.7123,12.0964,-0.0065,2.1929,113.3899,224.8547,238.2744,49.6899,0.3943,3.5461,92.5625,1.3879,205-21b-3,3.9959999996,60.32,/home/km1123/Lecture/ads-arcadia-reservoirrocks/geointerpreter/data/205-21b-3_depth.npy,"(1812.0, 1839.0)",/home/km1123/Lecture/ads-arcadia-reservoirrocks/geointerpreter/data/205-21b-3_image.npy,29.84933333333229,224.8547,4.6741,4.69515,sh,1149.7050877718773
1817.5992,6.8329,6.8806,6.8344,7.6837,7.6776,12.1056,-0.0066,2.1468,113.8244,232.7015,232.4587,48.8935,0.3894,3.4655,92.0625,1.3751,205-21b-3,3.9959999996,60.32,/home/km1123/Lecture/ads-arcadia-reservoirrocks/geointerpreter/data/205-21b-3_depth.npy,"(1812.0, 1839.0)",/home/km1123/Lecture/ads-arcadia-reservoirrocks/geointerpreter/data/205-21b-3_image.npy,30.78892307692192,232.7015,6.85675,7.25905,sh,1181.3369125027018
1817.7516,6.7913,6.8298,6.8586,7.6634,7.6378,12.1117,-0.005,2.1314,113.3214,230.6884,231.0053,50.6192,0.3724,3.3706,92.125,1.3558,205-21b-3,3.9959999996,60.32,/home/km1123/Lecture/ads-arcadia-reservoirrocks/geointerpreter/data/205-21b-3_depth.npy,"(1812.0, 1839.0)",/home/km1123/Lecture/ads-arcadia-reservoirrocks/geointerpreter/data/205-21b-3_image.npy,29.235615384614754,230.6884,6.810549999999999,7.261,sh,1066.759298529753
1817.904,6.4384,6.4639,6.5626,7.1786,7.1608,12.1248,-0.0005,2.1549,113.006,228.9133,228.8575,55.2972,0.358,3.5151,92.125,1.3499,205-21b-3,3.9959999996,60.32,/home/km1123/Lecture/ads-arcadia-reservoirrocks/geointerpreter/data/205-21b-3_depth.npy,"(1812.0, 1839.0)",/home/km1123/Lecture/ads-arcadia-reservoirrocks/geointerpreter/data/205-21b-3_image.npy,27.682307692307585,228.9133,6.45115,6.8706,sh,835.2694078028329
1818.0564,5.0081,5.017,5.1722,5.2004,5.301,12.1251,-0.001,2.1982,113.4524,223.9146,228.1848,57.3471,0.3454,3.671,91.875,1.3499,205-21b-3,3.9959999996,60.32,/home/km1123/Lecture/ads-arcadia-reservoirrocks/geointerpreter/data/205-21b-3_depth.npy,"(1812.0, 1839.0)",/home/km1123/Lecture/ads-arcadia-reservoirrocks/geointerpreter/data/205-21b-3_image.npy,24.680000000001833,223.9146,5.01255,5.1863,sh,326.81966557284073
1818.2088,4.6905,4.6872,4.8437,4.7463,4.8546,12.1178,-0.0027,2.2404,113.0625,224.8694,226.8841,59.3605,0.3605,3.9533,92.0,1.3499,205-21b-3,3.9959999996,60.32,/home/km1123/Lecture/ads-arcadia-reservoirrocks/geointerpreter/data/205-21b-3_depth.npy,"(1812.0, 1839.0)",/home/km1123/Lecture/ads-arcadia-reservoirrocks/geointerpreter/data/205-21b-3_image.npy,17.059999999992147,224.8694,4.68885,4.795,sh,256.4030440947941
1818.3612,4.642,4.6065,4.7625,4.6202,4.6857,12.113,-0.0037,2.2399,114.7917,220.0388,226.7101,59.2789,0.3812,3.9373,92.25,1.3561,205-21b-3,3.9959999996,60.32,/home/km1123/Lecture/ads-arcadia-reservoirrocks/geointerpreter/data/205-21b-3_depth.npy,"(1812.0, 1839.0)",/home/km1123/Lecture/ads-arcadia-reservoirrocks/geointerpreter/data/205-21b-3_image.npy,11.683111111111566,220.0388,4.62425,4.69135,sh,207.3951465306357
1818.5136,5.0504,5.0153,5.1665,5.2223,5.2753,12.0953,-0.0086,2.2062,114.997,221.4448,240.4192,53.5261,0.399,3.5847,91.6875,1.3686,205-21b-3,3.9959999996,60.32,/home/km1123/Lecture/ads-arcadia-reservoirrocks/geointerpreter/data/205-21b-3_depth.npy,"(1812.0, 1839.0)",/home/km1123/Lecture/ads-arcadia-reservoirrocks/geointerpreter/data/205-21b-3_image.npy,11.826720000000115,221.4448,5.03285,5.1944,sh,232.20128933818705
1818.666,8.2785,8.3043,8.4001,11.3667,11.347,12.0929,-0.0178,2.133,113.8036,221.5819,233.5757,52.2648,0.3839,3.2987,91.5,1.394,205-21b-3,3.9959999996,60.32,/home/km1123/Lecture/ads-arcadia-reservoirrocks/geointerpreter/data/205-21b-3_depth.npy,"(1812.0, 1839.0)",/home/km1123/Lecture/ads-arcadia-reservoirrocks/geointerpreter/data/205-21b-3_image.npy,6.523200000002089,221.5819,8.2914,9.8834,os,389.8746639938344
1818.8184,9.726,9.8264,9.8551,14.2034,14.0293,12.0812,-0.0154,2.1138,113.994,221.1831,234.8289,44.7923,0.3556,3.1939,92.0,1.4068,205-21b-3,3.9959999996,60.32,/home/km1123/Lecture/ads-arcadia-reservoirrocks/geointerpreter/data/205-21b-3_depth.npy,"(1812.0, 1839.0)",/home/km1123/Lecture/ads-arcadia-reservoirrocks/geointerpreter/data/205-21b-3_image.npy,8.778857142866862,221.1831,9.7762,12.029250000000001,os,416.8168953987931
1818.9708,10.9737,11.5393,11.5044,12.732,12.2865,12.0847,-0.0121,2.1181,114.4077,220.5595,235.3223,46.1667,0.3414,3.2939,91.1875,1.4198,205-21b-3,3.9959999996,60.32,/home/km1123/Lecture/ads-arcadia-reservoirrocks/geointerpreter/data/205-21b-3_depth.npy,"(1812.0, 1839.0)",/home/km1123/Lecture/ads-arcadia-reservoirrocks/geointerpreter/data/205-21b-3_image.npy,20.317714285722708,220.5595,11.256499999999999,12.1182,ms,297.8764953642614
1819.1232,10.9327,11.6592,11.7273,12.2214,11.7727,12.1059,-0.0057,2.1428,114.8095,219.8456,231.3369,47.7025,0.3504,3.192,91.375,1.4263,205-21b-3,3.9959999996,60.32,/home/km1123/Lecture/ads-arcadia-reservoirrocks/geointerpreter/data/205-21b-3_depth.npy,"(1812.0, 1839.0)",/home/km1123/Lecture/ads-arcadia-reservoirrocks/geointerpreter/data/205-21b-3_image.npy,29.35759999999735,219.8456,11.295950000000001,11.97435,ms,887.152668222105
1819.2756,13.6519,15.2119,15.4364,16.1,15.8018,12.1378,-0.004,2.1358,114.4613,219.0197,220.7026,44.6835,0.3535,3.0289,92.0,1.4263,205-21b-3,3.9959999996,60.32,/home/km1123/Lecture/ads-arcadia-reservoirrocks/geointerpreter/data/205-21b-3_depth.npy,"(1812.0, 1839.0)",/home/km1123/Lecture/ads-arcadia-reservoirrocks/geointerpreter/data/205-21b-3_image.npy,24.480800000000276,219.0197,14.431899999999999,15.7682,ms,354.92033322377034
1819.428,15.4069,17.348,17.4832,18.4733,18.3173,12.1405,-0.003,2.1193,112.0476,216.946,222.9868,40.1005,0.3411,2.973,91.9375,1.4262,205-21b-3,3.9959999996,60.32,/home/km1123/Lecture/ads-arcadia-reservoirrocks/geointerpreter/data/205-21b-3_depth.npy,"(1812.0, 1839.0)",/home/km1123/Lecture/ads-arcadia-reservoirrocks/geointerpreter/data/205-21b-3_image.npy,24.647692307693497,216.946,16.37745,17.97825,ms,336.4759532397193
1819.5804,15.0805,16.5165,16.0806,15.9062,16.056,12.1378,-0.0055,2.117,108.8185,211.5891,213.4779,41.7424,0.3501,3.1388,91.25,1.4131,205-21b-3,3.9959999996,60.32,/home/km1123/Lecture/ads-arcadia-reservoirrocks/geointerpreter/data/205-21b-3_depth.npy,"(1812.0, 1839.0)",/home/km1123/Lecture/ads-arcadia-reservoirrocks/geointerpreter/data/205-21b-3_image.npy,25.776038461539272,211.5891,15.7985,15.993400000000001,ms,338.36605036481643
1819.7328,14.1625,15.3751,14.9468,14.5464,14.5992,12.139,-0.0077,2.1348,101.1429,216.0995,214.9416,43.3846,0.3658,3.4341,90.5,1.4003,205-21b-3,3.9959999996,60.32,/home/km1123/Lecture/ads-arcadia-reservoirrocks/geointerpreter/data/205-21b-3_depth.npy,"(1812.0, 1839.0)",/home/km1123/Lecture/ads-arcadia-reservoirrocks/geointerpreter/data/205-21b-3_image.npy,26.904384615385045,216.0995,14.768799999999999,14.7466,ms,543.6760604950604
1819.8852,13.9011,15.0605,14.6136,14.1182,14.0723,12.1201,-0.0104,2.1842,91.1726,210.9403,189.8109,46.5257,0.3355,3.8648,90.8125,1.3761,205-21b-3,3.9959999996,60.32,/home/km1123/Lecture/ads-arcadia-reservoirrocks/geointerpreter/data/205-21b-3_depth.npy,"(1812.0, 1839.0)",/home/km1123/Lecture/ads-arcadia-reservoirrocks/geointerpreter/data/205-21b-3_image.npy,28.032730769230817,210.9403,14.480799999999999,14.3659,sh,595.0483081312627
1820.0376,17.6493,20.1194,18.4758,18.6432,17.9478,12.1037,-0.0093,2.2738,87.9732,216.4863,181.9507,43.2476,0.2652,4.3746,90.3125,1.346,205-21b-3,3.9959999996,60.32,/home/km1123/Lecture/ads-arcadia-reservoirrocks/geointerpreter/data/205-21b-3_depth.npy,"(1812.0, 1839.0)",/home/km1123/Lecture/ads-arcadia-reservoirrocks/geointerpreter/data/205-21b-3_image.npy,29.161076923078273,216.4863,18.884349999999998,18.5595,sh,711.1941869888348
1820.19,19.9283,23.2102,20.7257,21.7861,20.6334,12.096,-0.005,2.3794,87.2857,215.1899,178.7057,42.9488,0.2113,4.3889,90.375,1.3247,205-21b-3,3.9959999996,60.32,/home/km1123/Lecture/ads-arcadia-reservoirrocks/geointerpreter/data/205-21b-3_depth.npy,"(1812.0, 1839.0)",/home/km1123/Lecture/ads-arcadia-reservoirrocks/geointerpreter/data/205-21b-3_image.npy,30.289423076924045,215.1899,21.56925,21.2559,sh,632.0919302439984
1820.3424,21.9074,25.0019,22.3491,22.7511,21.5501,12.0907,-0.0011,2.4529,89.3036,201.1733,178.7616,37.883,0.1961,4.3143,90.3125,1.3065,205-21b-3,3.9959999996,60.32,/home/km1123/Lecture/ads-arcadia-reservoirrocks/geointerpreter/data/205-21b-3_depth.npy,"(1812.0, 1839.0)",/home/km1123/Lecture/ads-arcadia-reservoirrocks/geointerpreter/data/205-21b-3_image.npy,31.3794285714279,201.1733,23.45465,22.5501,sh,697.8407098255279
1820.4948,19.9601,22.4706,20.2542,19.0243,18.3174,12.0931,-0.0001,2.4418,98.875,186.9675,195.6852,39.9786,0.2332,3.8402,90.0,1.3005,205-21b-3,3.9959999996,60.32,/home/km1123/Lecture/ads-arcadia-reservoirrocks/geointerpreter/data/205-21b-3_depth.npy,"(1812.0, 1839.0)",/home/km1123/Lecture/ads-arcadia-reservoirrocks/geointerpreter/data/205-21b-3_image.npy,30.453714285713193,186.9675,21.21535,19.63925,sh,698.4937501514594
1820.6472,13.658,14.7466,13.6178,11.4019,11.2386,12.0834,-0.0052,2.3594,103.1786,196.0516,195.189,47.5631,0.2827,3.5537,89.875,1.3005,205-21b-3,3.9959999996,60.32,/home/km1123/Lecture/ads-arcadia-reservoirrocks/geointerpreter/data/205-21b-3_depth.npy,"(1812.0, 1839.0)",/home/km1123/Lecture/ads-arcadia-reservoirrocks/geointerpreter/data/205-21b-3_image.npy,31.117083573486575,196.0516,14.202300000000001,12.50985,sh,693.4853264806561
1820.7996,12.43,13.1622,12.343,10.4904,10.364,12.0836,-0.0103,2.2509,108.3036,200.2331,194.0912,44.847,0.3302,3.2192,89.6875,1.3077,205-21b-3,3.9959999996,60.32,/home/km1123/Lecture/ads-arcadia-reservoirrocks/geointerpreter/data/205-21b-3_depth.npy,"(1812.0, 1839.0)",/home/km1123/Lecture/ads-arcadia-reservoirrocks/geointerpreter/data/205-21b-3_image.npy,30.673498559077522,200.2331,12.7961,11.416699999999999,s,890.982383135581
1820.952,10.3041,10.4531,10.2556,9.6636,9.664,12.0848,-0.0145,2.1727,113.9077,207.5281,208.5515,47.3686,0.3467,3.1306,89.75,1.3124,205-21b-3,3.9959999996,60.32,/home/km1123/Lecture/ads-arcadia-reservoirrocks/geointerpreter/data/205-21b-3_depth.npy,"(1812.0, 1839.0)",/home/km1123/Lecture/ads-arcadia-reservoirrocks/geointerpreter/data/205-21b-3_image.npy,30.22991354466847,207.5281,10.378599999999999,9.9596,s,1022.1939549419214
1821.1044,9.7754,9.8348,9.758,9.4648,9.5067,12.0824,-0.0105,2.1569,113.0923,214.0429,217.4225,49.3813,0.3549,3.2642,89.3125,1.3124,205-21b-3,3.9959999996,60.32,/home/km1123/Lecture/ads-arcadia-reservoirrocks/geointerpreter/data/205-21b-3_depth.npy,"(1812.0, 1839.0)",/home/km1123/Lecture/ads-arcadia-reservoirrocks/geointerpreter/data/205-21b-3_image.npy,29.786328530259414,214.0429,9.8051,9.6114,s,1135.3757174456093
1821.2568,9.2654,9.2131,8.9503,9.1182,9.3477,12.0835,-0.0081,2.1631,112.9137,221.9042,221.5541,48.7427,0.3668,3.2708,89.8125,1.3063,205-21b-3,3.9959999996,60.32,/home/km1123/Lecture/ads-arcadia-reservoirrocks/geointerpreter/data/205-21b-3_depth.npy,"(1812.0, 1839.0)",/home/km1123/Lecture/ads-arcadia-reservoirrocks/geointerpreter/data/205-21b-3_image.npy,29.3427435158497,221.9042,9.23925,9.03425,s,1009.4982498547205
1821.4092,9.8647,9.8023,9.3596,9.5798,9.9287,12.0823,-0.0068,2.1667,112.3929,225.9719,225.8522,46.9721,0.3656,3.2979,90.5,1.2838,205-21b-3,3.9959999996,60.32,/home/km1123/Lecture/ads-arcadia-reservoirrocks/geointerpreter/data/205-21b-3_depth.npy,"(1812.0, 1839.0)",/home/km1123/Lecture/ads-arcadia-reservoirrocks/geointerpreter/data/205-21b-3_image.npy,28.89915850144065,225.9719,9.8335,9.4697,sh,847.7218353868356
1821.5616,10.8194,10.7122,10.0894,10.2938,10.7959,12.0824,-0.0076,2.1528,111.8244,222.3128,223.2002,42.2515,0.3524,3.1882,90.0,1.2706,205-21b-3,3.9959999996,60.32,/home/km1123/Lecture/ads-arcadia-reservoirrocks/geointerpreter/data/205-21b-3_depth.npy,"(1812.0, 1839.0)",/home/km1123/Lecture/ads-arcadia-reservoirrocks/geointerpreter/data/205-21b-3_image.npy,28.455573487031593,222.3128,10.765799999999999,10.1916,sh,821.6155725320431
1821.714,15.3952,14.8891,14.0733,13.151,13.9051,12.0823,-0.0064,2.1405,112.1369,221.6385,226.0077,42.2099,0.3575,3.1434,89.1875,1.2706,205-21b-3,3.9959999996,60.32,/home/km1123/Lecture/ads-arcadia-reservoirrocks/geointerpreter/data/205-21b-3_depth.npy,"(1812.0, 1839.0)",/home/km1123/Lecture/ads-arcadia-reservoirrocks/geointerpreter/data/205-21b-3_image.npy,28.01198847262254,221.6385,15.14215,13.61215,sh,876.3466331381037
1821.8664,16.8647,16.3003,15.667,14.3564,15.0243,12.0823,-0.0063,2.1266,112.5238,222.4189,218.8394,42.6475,0.3751,3.1387,89.875,1.2764,205-21b-3,3.9959999996,60.32,/home/km1123/Lecture/ads-arcadia-reservoirrocks/geointerpreter/data/205-21b-3_depth.npy,"(1812.0, 1839.0)",/home/km1123/Lecture/ads-arcadia-reservoirrocks/geointerpreter/data/205-21b-3_image.npy,27.568403458212828,222.4189,16.5825,15.011700000000001,sh,935.5670876835582
1822.0188,19.0105,19.0402,19.2472,24.231,23.3851,12.0823,-0.0064,2.1206,113.0685,221.3088,223.4706,40.6829,0.3787,3.0498,89.625,1.2916,205-21b-3,3.9959999996,60.32,/home/km1123/Lecture/ads-arcadia-reservoirrocks/geointerpreter/data/205-21b-3_depth.npy,"(1812.0, 1839.0)",/home/km1123/Lecture/ads-arcadia-reservoirrocks/geointerpreter/data/205-21b-3_image.npy,27.124818443803775,221.3088,19.02535,21.7391,sh,791.9455819165979
1822.1712,19.1138,19.3092,19.5558,35.246,31.8032,12.0823,-0.0071,2.1134,113.3006,219.8827,223.5719,42.9893,0.3806,3.1141,89.125,1.3182,205-21b-3,3.9959999996,60.32,/home/km1123/Lecture/ads-arcadia-reservoirrocks/geointerpreter/data/205-21b-3_depth.npy,"(1812.0, 1839.0)",/home/km1123/Lecture/ads-arcadia-reservoirrocks/geointerpreter/data/205-21b-3_image.npy,26.68123342939472,219.8827,19.2115,27.4009,sh,577.6311636076342
1822.3236,15.8171,15.7548,16.5077,21.3439,25.262,12.0835,-0.0062,2.1078,113.3393,220.3549,227.5,41.3345,0.3653,3.0739,90.125,1.3177,205-21b-3,3.9959999996,60.32,/home/km1123/Lecture/ads-arcadia-reservoirrocks/geointerpreter/data/205-21b-3_depth.npy,"(1812.0, 1839.0)",/home/km1123/Lecture/ads-arcadia-reservoirrocks/geointerpreter/data/205-21b-3_image.npy,26.237648414985667,220.3549,15.78595,18.925800000000002,os,721.4810282278625
1822.476,12.9346,12.9087,13.1094,19.4195,20.0656,12.0847,-0.0086,2.1135,114.2857,221.8513,233.8431,43.6499,0.3571,3.2508,90.5625,1.306,205-21b-3,3.9959999996,60.32,/home/km1123/Lecture/ads-arcadia-reservoirrocks/geointerpreter/data/205-21b-3_depth.npy,"(1812.0, 1839.0)",/home/km1123/Lecture/ads-arcadia-reservoirrocks/geointerpreter/data/205-21b-3_image.npy,25.79406340057595,221.8513,12.92165,16.26445,sh,439.54360949508003
1822.6284,5.4703,5.6149,5.2126,4.2993,4.5035,12.0894,-0.0104,2.149,114.7232,229.4584,244.3065,49.2108,0.3601,3.4476,90.25,1.2763,205-21b-3,3.9959999996,60.32,/home/km1123/Lecture/ads-arcadia-reservoirrocks/geointerpreter/data/205-21b-3_depth.npy,"(1812.0, 1839.0)",/home/km1123/Lecture/ads-arcadia-reservoirrocks/geointerpreter/data/205-21b-3_image.npy,25.3504783861669,229.4584,5.5426,4.75595,s,464.7136175930427
1822.7808,4.2194,4.3357,4.0587,3.1844,3.3186,12.0894,-0.0072,2.2204,114.6607,233.4717,252.2603,61.4744,0.3874,3.7563,89.4375,1.2762,205-21b-3,3.9959999996,60.32,/home/km1123/Lecture/ads-arcadia-reservoirrocks/geointerpreter/data/205-21b-3_depth.npy,"(1812.0, 1839.0)",/home/km1123/Lecture/ads-arcadia-reservoirrocks/geointerpreter/data/205-21b-3_image.npy,24.906893371757846,233.4717,4.27755,3.62155,sh,307.2549123048668
1822.9332,2.518,2.5478,2.5808,2.2046,2.2927,12.0906,-0.0042,2.2797,114.6548,237.4752,257.5116,69.1077,0.4173,4.0545,89.4375,1.2999,205-21b-3,3.9959999996,60.32,/home/km1123/Lecture/ads-arcadia-reservoirrocks/geointerpreter/data/205-21b-3_depth.npy,"(1812.0, 1839.0)",/home/km1123/Lecture/ads-arcadia-reservoirrocks/geointerpreter/data/205-21b-3_image.npy,24.463308357348794,237.4752,2.5328999999999997,2.3927,sh,176.16130868878602
1823.0856,2.3043,2.3198,2.3896,2.1601,2.2489,12.0894,-0.0068,2.3119,114.8393,246.7155,260.606,69.6741,0.4144,3.9997,89.0,1.3289,205-21b-3,3.9959999996,60.32,/home/km1123/Lecture/ads-arcadia-reservoirrocks/geointerpreter/data/205-21b-3_depth.npy,"(1812.0, 1839.0)",/home/km1123/Lecture/ads-arcadia-reservoirrocks/geointerpreter/data/205-21b-3_image.npy,24.019723342939077,246.7155,2.31205,2.27485,sh,147.69864635112364
1823.238,2.0072,2.018,2.0505,2.1164,2.1808,12.0918,-0.0063,2.318,115.378,252.879,261.9196,72.7188,0.3999,4.1143,89.125,1.3464,205-21b-3,3.9959999996,60.32,/home/km1123/Lecture/ads-arcadia-reservoirrocks/geointerpreter/data/205-21b-3_depth.npy,"(1812.0, 1839.0)",/home/km1123/Lecture/ads-arcadia-reservoirrocks/geointerpreter/data/205-21b-3_image.npy,23.576138328530025,252.879,2.0126,2.08345,sh,160.19386205208937
1823.3904,1.9892,2.0076,2.0252,2.1035,2.1582,12.0788,-0.0056,2.3205,115.125,257.0206,272.1057,69.9401,0.4113,3.9368,90.5,1.3548,205-21b-3,3.9959999996,60.32,/home/km1123/Lecture/ads-arcadia-reservoirrocks/geointerpreter/data/205-21b-3_depth.npy,"(1812.0, 1839.0)",/home/km1123/Lecture/ads-arcadia-reservoirrocks/geointerpreter/data/205-21b-3_image.npy,23.132553314120972,257.0206,1.9984000000000002,2.06435,sh,169.92531951129683
1823.5428,1.98,2.0079,2.0181,2.1044,2.1511,12.0918,-0.0062,2.3153,114.619,264.4359,270.3018,68.851,0.4408,3.9408,89.875,1.3548,205-21b-3,3.9959999996,60.32,/home/km1123/Lecture/ads-arcadia-reservoirrocks/geointerpreter/data/205-21b-3_depth.npy,"(1812.0, 1839.0)",/home/km1123/Lecture/ads-arcadia-reservoirrocks/geointerpreter/data/205-21b-3_image.npy,22.688968299711917,264.4359,1.99395,2.0612500000000002,sh,170.39009223856954
1823.6952,1.9742,2.0295,2.0618,2.1737,2.2084,12.0906,-0.0056,2.3122,113.7827,262.1942,271.6942,68.6089,0.4524,3.7903,89.875,1.3547,205-21b-3,3.9959999996,60.32,/home/km1123/Lecture/ads-arcadia-reservoirrocks/geointerpreter/data/205-21b-3_depth.npy,"(1812.0, 1839.0)",/home/km1123/Lecture/ads-arcadia-reservoirrocks/geointerpreter/data/205-21b-3_image.npy,22.245383285302204,262.1942,2.00185,2.11775,sh,173.3744412229185
1823.8476,1.9697,2.0301,2.0756,2.1876,2.223,12.0894,-0.0073,2.3148,114.0893,257.4948,272.3733,69.3687,0.444,3.83,90.1875,1.3441,205-21b-3,3.9959999996,60.32,/home/km1123/Lecture/ads-arcadia-reservoirrocks/geointerpreter/data/205-21b-3_depth.npy,"(1812.0, 1839.0)",/home/km1123/Lecture/ads-arcadia-reservoirrocks/geointerpreter/data/205-21b-3_image.npy,21.80179827089315,257.4948,1.9999,2.1316,sh,173.16555233402963
1824.0,1.9328,1.9937,2.0587,2.1337,2.182,12.0914,-0.0079,2.3237,113.5774,258.8846,274.1148,66.7982,0.425,3.8999,89.4375,1.3299,205-21b-3,3.9959999996,60.32,/home/km1123/Lecture/ads-arcadia-reservoirrocks/geointerpreter/data/205-21b-3_depth.npy,"(1812.0, 1839.0)",/home/km1123/Lecture/ads-arcadia-reservoirrocks/geointerpreter/data/205-21b-3_image.npy,21.3582132564841,258.8846,1.96325,2.0962,sh,193.142321888005
1824.1524,1.9182,1.976,2.0429,2.1062,2.158,12.0911,-0.0082,2.3327,113.8988,259.8889,272.9965,65.5797,0.4289,4.1177,88.8125,1.3299,205-21b-3,3.9959999996,60.32,/home/km1123/Lecture/ads-arcadia-reservoirrocks/geointerpreter/data/205-21b-3_depth.npy,"(1812.0, 1839.0)",/home/km1123/Lecture/ads-arcadia-reservoirrocks/geointerpreter/data/205-21b-3_image.npy,16.577733333333992,259.8889,1.9470999999999998,2.07455,sh,116.14694165808937
1824.3048,1.9,1.9501,2.0273,2.1157,2.1718,12.0883,-0.0105,2.3241,120.2411,258.3701,272.7014,65.8121,0.4118,4.1906,89.25,1.3298,205-21b-3,3.9959999996,60.32,/home/km1123/Lecture/ads-arcadia-reservoirrocks/geointerpreter/data/205-21b-3_depth.npy,"(1812.0, 1839.0)",/home/km1123/Lecture/ads-arcadia-reservoirrocks/geointerpreter/data/205-21b-3_image.npy,11.142133333335192,258.3701,1.92505,2.0715,sh,96.99146438536212
1824.4572,1.905,1.9557,2.0341,2.1536,2.2113,12.0977,-0.0137,2.3141,117.9315,256.22,268.8537,67.2644,0.4108,4.2145,89.625,1.353,205-21b-3,3.9959999996,60.32,/home/km1123/Lecture/ads-arcadia-reservoirrocks/geointerpreter/data/205-21b-3_depth.npy,"(1812.0, 1839.0)",/home/km1123/Lecture/ads-arcadia-reservoirrocks/geointerpreter/data/205-21b-3_image.npy,14.211588235296958,256.22,1.93035,2.0938499999999998,sh,114.15356395246168
1824.6096,1.9418,1.9992,2.0646,2.2617,2.3308,12.1166,-0.0136,2.305,117.2946,254.4804,267.3033,67.4293,0.4178,4.1484,89.4375,1.3797,205-21b-3,3.9959999996,60.32,/home/km1123/Lecture/ads-arcadia-reservoirrocks/geointerpreter/data/205-21b-3_depth.npy,"(1812.0, 1839.0)",/home/km1123/Lecture/ads-arcadia-reservoirrocks/geointerpreter/data/205-21b-3_image.npy,18.22329411764803,254.4804,1.9705,2.16315,sh,78.30044616746889
1824.762,1.9601,2.019,2.0754,2.2627,2.3347,12.1166,-0.0135,2.3087,117.8274,251.6172,263.6372,76.0117,0.4357,4.183,89.625,1.3796,205-21b-3,3.9959999996,60.32,/home/km1123/Lecture/ads-arcadia-reservoirrocks/geointerpreter/data/205-21b-3_depth.npy,"(1812.0, 1839.0)",/home/km1123/Lecture/ads-arcadia-reservoirrocks/geointerpreter/data/205-21b-3_image.npy,22.234999999999104,251.6172,1.98955,2.1690500000000004,sh,108.498274713502
1824.9144,2.0393,2.0913,2.1476,2.2249,2.2968,12.0942,-0.013,2.31,117.7381,249.5459,261.5167,68.8016,0.4241,4.0885,89.1875,1.3794,205-21b-3,3.9959999996,60.32,/home/km1123/Lecture/ads-arcadia-reservoirrocks/geointerpreter/data/205-21b-3_depth.npy,"(1812.0, 1839.0)",/home/km1123/Lecture/ads-arcadia-reservoirrocks/geointerpreter/data/205-21b-3_image.npy,26.246705882350174,249.5459,2.0652999999999997,2.1862500000000002,sh,241.5217165334665
1825.0668,2.0701,2.1156,2.192,2.2389,2.3107,12.096,-0.0142,2.3124,117.5,247.4511,258.8174,66.7073,0.418,4.0515,88.9375,1.3175,205-21b-3,3.9959999996,60.32,/home/km1123/Lecture/ads-arcadia-reservoirrocks/geointerpreter/data/205-21b-3_depth.npy,"(1812.0, 1839.0)",/home/km1123/Lecture/ads-arcadia-reservoirrocks/geointerpreter/data/205-21b-3_image.npy,27.736571428570574,247.4511,2.0928500000000003,2.21545,sh,631.6740103331013
1825.2192,2.201,2.2303,2.3605,2.4495,2.5292,12.0965,-0.0137,2.3179,117.9821,240.6692,251.0162,69.0022,0.4129,3.9033,88.6875,1.3481,205-21b-3,3.9959999996,60.32,/home/km1123/Lecture/ads-arcadia-reservoirrocks/geointerpreter/data/205-21b-3_depth.npy,"(1812.0, 1839.0)",/home/km1123/Lecture/ads-arcadia-reservoirrocks/geointerpreter/data/205-21b-3_image.npy,25.994857142856482,240.6692,2.21565,2.4050000000000002,sh,170.45359440307172
1825.3716,2.2658,2.2957,2.3978,2.522,2.6028,12.1425,-0.0106,2.3215,115.9018,235.6838,246.4919,67.9641,0.4171,3.9364,88.25,1.522,205-21b-3,3.9959999996,60.32,/home/km1123/Lecture/ads-arcadia-reservoirrocks/geointerpreter/data/205-21b-3_depth.npy,"(1812.0, 1839.0)",/home/km1123/Lecture/ads-arcadia-reservoirrocks/geointerpreter/data/205-21b-3_image.npy,25.104800000000612,235.6838,2.2807500000000003,2.4599,ms,158.82358921159056
1825.524,2.3714,2.4009,2.4615,2.6155,2.6962,12.1496,-0.0079,2.3156,111.9554,228.8644,241.3758,59.5582,0.4112,3.6901,88.875,1.657,205-21b-3,3.9959999996,60.32,/home/km1123/Lecture/ads-arcadia-reservoirrocks/geointerpreter/data/205-21b-3_depth.npy,"(1812.0, 1839.0)",/home/km1123/Lecture/ads-arcadia-reservoirrocks/geointerpreter/data/205-21b-3_image.npy,28.618961038961416,228.8644,2.3861499999999998,2.5385,os,592.3928059314424
1825.6764,3.1811,3.21,3.1446,3.34,3.4145,12.1484,-0.0075,2.2937,107.2946,220.476,233.6207,53.4307,0.3999,3.6271,89.0,1.5597,205-21b-3,3.9959999996,60.32,/home/km1123/Lecture/ads-arcadia-reservoirrocks/geointerpreter/data/205-21b-3_depth.npy,"(1812.0, 1839.0)",/home/km1123/Lecture/ads-arcadia-reservoirrocks/geointerpreter/data/205-21b-3_image.npy,28.104363636363427,220.476,3.19555,3.2423,os,614.3474497724497
1825.8288,3.6845,3.7316,3.667,3.8851,3.9545,12.1259,-0.011,2.2875,105.4226,217.6562,229.0792,52.4682,0.3674,3.8325,88.4375,1.4407,205-21b-3,3.9959999996,60.32,/home/km1123/Lecture/ads-arcadia-reservoirrocks/geointerpreter/data/205-21b-3_depth.npy,"(1812.0, 1839.0)",/home/km1123/Lecture/ads-arcadia-reservoirrocks/geointerpreter/data/205-21b-3_image.npy,27.589766233766206,217.6562,3.70805,3.7760499999999997,os,609.260723745951
1825.9812,5.9376,6.2112,6.6824,7.3722,7.3039,12.0988,-0.0081,2.3005,104.2083,214.1807,229.0296,54.7346,0.318,3.7363,88.0625,1.3793,205-21b-3,3.9959999996,60.32,/home/km1123/Lecture/ads-arcadia-reservoirrocks/geointerpreter/data/205-21b-3_depth.npy,"(1812.0, 1839.0)",/home/km1123/Lecture/ads-arcadia-reservoirrocks/geointerpreter/data/205-21b-3_image.npy,27.07516883116898,214.1807,6.0744,7.0273,s,384.25389225831293
1826.1336,6.7571,7.1402,7.9242,8.8827,8.7035,12.0811,-0.0069,2.3021,104.4107,209.7784,222.935,45.4546,0.2881,3.7279,88.625,1.373,205-21b-3,3.9959999996,60.32,/home/km1123/Lecture/ads-arcadia-reservoirrocks/geointerpreter/data/205-21b-3_depth.npy,"(1812.0, 1839.0)",/home/km1123/Lecture/ads-arcadia-reservoirrocks/geointerpreter/data/205-21b-3_image.npy,26.56057142857176,209.7784,6.948650000000001,8.40345,s,276.9264654976949
1826.286,7.4832,8.0134,8.4486,9.0403,8.9394,12.0953,-0.0118,2.2627,105.6131,207.8354,222.3017,45.1873,0.3183,3.5482,88.3125,1.3787,205-21b-3,3.9959999996,60.32,/home/km1123/Lecture/ads-arcadia-reservoirrocks/geointerpreter/data/205-21b-3_depth.npy,"(1812.0, 1839.0)",/home/km1123/Lecture/ads-arcadia-reservoirrocks/geointerpreter/data/205-21b-3_image.npy,26.148372093023482,207.8354,7.7483,8.74445,os,501.33651099161796
1826.4384,6.9794,7.4428,7.6374,8.0754,8.0755,12.0947,-0.0141,2.234,108.0119,209.8654,225.556,46.6352,0.3541,3.5818,88.5625,1.4549,205-21b-3,3.9959999996,60.32,/home/km1123/Lecture/ads-arcadia-reservoirrocks/geointerpreter/data/205-21b-3_depth.npy,"(1812.0, 1839.0)",/home/km1123/Lecture/ads-arcadia-reservoirrocks/geointerpreter/data/205-21b-3_image.npy,26.609116279069752,209.8654,7.2111,7.856400000000001,os,633.471541023148
1826.5908,5.6331,5.8154,5.9475,6.2908,6.4306,12.097,-0.0065,2.2195,109.5149,212.7983,231.1925,56.9262,0.3742,3.6009,89.875,1.4915,205-21b-3,3.9959999996,60.32,/home/km1123/Lecture/ads-arcadia-reservoirrocks/geointerpreter/data/205-21b-3_depth.npy,"(1812.0, 1839.0)",/home/km1123/Lecture/ads-arcadia-reservoirrocks/geointerpreter/data/205-21b-3_image.npy,27.069860465116022,212.7983,5.72425,6.119149999999999,os,730.2751331381037
1826.7432,5.4541,5.5936,5.7408,6.0107,6.1802,12.0941,-0.0053,2.2179,109.1696,214.7103,242.4148,56.8995,0.3546,3.6468,89.5625,1.4914,205-21b-3,3.9959999996,60.32,/home/km1123/Lecture/ads-arcadia-reservoirrocks/geointerpreter/data/205-21b-3_depth.npy,"(1812.0, 1839.0)",/home/km1123/Lecture/ads-arcadia-reservoirrocks/geointerpreter/data/205-21b-3_image.npy,27.757942857141643,214.7103,5.52385,5.87575,os,779.7159930357816
1826.8956,5.0718,5.1976,5.2674,5.1171,5.2694,12.0953,-0.004,2.2222,110.0446,216.3749,235.0573,56.7902,0.3676,3.7056,89.4375,1.4257,205-21b-3,3.9959999996,60.32,/home/km1123/Lecture/ads-arcadia-reservoirrocks/geointerpreter/data/205-21b-3_depth.npy,"(1812.0, 1839.0)",/home/km1123/Lecture/ads-arcadia-reservoirrocks/geointerpreter/data/205-21b-3_image.npy,29.020685714286245,216.3749,5.1347000000000005,5.19225,os,788.5763826461713
1827.048,4.9755,5.0951,5.1405,4.921,5.0344,12.0941,-0.0025,2.2323,110.6369,224.0023,235.7288,50.5815,0.3859,3.5775,89.3125,1.3616,205-21b-3,3.9959999996,60.32,/home/km1123/Lecture/ads-arcadia-reservoirrocks/geointerpreter/data/205-21b-3_depth.npy,"(1812.0, 1839.0)",/home/km1123/Lecture/ads-arcadia-reservoirrocks/geointerpreter/data/205-21b-3_image.npy,30.28342857142896,224.0023,5.0353,5.03075,os,1181.5993561852588
1827.2004,6.2203,6.4293,6.4292,7.0566,7.0046,12.0953,-0.004,2.2154,112.6518,223.3465,241.3491,50.4209,0.3919,3.2498,89.1875,1.338,205-21b-3,3.9959999996,60.32,/home/km1123/Lecture/ads-arcadia-reservoirrocks/geointerpreter/data/205-21b-3_depth.npy,"(1812.0, 1839.0)",/home/km1123/Lecture/ads-arcadia-reservoirrocks/geointerpreter/data/205-21b-3_image.npy,28.814341463414614,223.3465,6.3248,6.742900000000001,os,951.6996161258761
1827.3528,7.1445,7.4398,7.5225,8.9776,8.8176,12.0898,-0.0095,2.1755,113.4137,219.3247,239.9878,50.1132,0.3725,3.1341,87.875,1.3352,205-21b-3,3.9959999996,60.32,/home/km1123/Lecture/ads-arcadia-reservoirrocks/geointerpreter/data/205-21b-3_depth.npy,"(1812.0, 1839.0)",/home/km1123/Lecture/ads-arcadia-reservoirrocks/geointerpreter/data/205-21b-3_image.npy,27.308926829268714,219.3247,7.2921499999999995,8.25005,os,874.3829194427083
1827.5052,8.2853,8.6882,8.933,11.5384,11.1695,12.0849,-0.0128,2.1495,114.6042,222.1549,229.382,44.8937,0.3562,3.0092,87.0625,1.3542,205-21b-3,3.9959999996,60.32,/home/km1123/Lecture/ads-arcadia-reservoirrocks/geointerpreter/data/205-21b-3_depth.npy,"(1812.0, 1839.0)",/home/km1123/Lecture/ads-arcadia-reservoirrocks/geointerpreter/data/205-21b-3_image.npy,25.80351219512057,222.1549,8.48675,10.2357,os,644.1778401280834
1827.6576,12.2709,13.165,13.4697,16.2515,15.2457,12.0864,-0.0124,2.1372,114.0863,218.8022,228.0211,43.481,0.3523,3.0249,88.0625,1.3974,205-21b-3,3.9959999996,60.32,/home/km1123/Lecture/ads-arcadia-reservoirrocks/geointerpreter/data/205-21b-3_depth.npy,"(1812.0, 1839.0)",/home/km1123/Lecture/ads-arcadia-reservoirrocks/geointerpreter/data/205-21b-3_image.npy,24.298097560974675,218.8022,12.717949999999998,14.8606,os,495.40037529028973
1827.81,13.4141,14.5141,14.6148,16.3482,15.4039,12.0824,-0.0096,2.1345,114.0357,216.8909,228.0337,40.531,0.3343,3.0057,87.75,1.4472,205-21b-3,3.9959999996,60.32,/home/km1123/Lecture/ads-arcadia-reservoirrocks/geointerpreter/data/205-21b-3_depth.npy,"(1812.0, 1839.0)",/home/km1123/Lecture/ads-arcadia-reservoirrocks/geointerpreter/data/205-21b-3_image.npy,22.792682926828775,216.8909,13.964099999999998,15.4815,os,447.7641431613076
1827.9624,13.9426,14.6418,15.5288,16.9386,16.441,12.0861,-0.012,2.1182,113.2857,214.5654,221.8405,39.6023,0.3317,3.0438,88.75,1.4885,205-21b-3,3.9959999996,60.32,/home/km1123/Lecture/ads-arcadia-reservoirrocks/geointerpreter/data/205-21b-3_depth.npy,"(1812.0, 1839.0)",/home/km1123/Lecture/ads-arcadia-reservoirrocks/geointerpreter/data/205-21b-3_image.npy,26.049999999998548,214.5654,14.292200000000001,16.2337,os,647.1792962446424
1828.1148,12.8533,13.1953,14.5235,15.8455,15.6813,12.0886,-0.0111,2.1209,113.2083,213.2826,225.2459,41.447,0.3349,3.2193,89.1875,1.498,205-21b-3,3.9959999996,60.32,/home/km1123/Lecture/ads-arcadia-reservoirrocks/geointerpreter/data/205-21b-3_depth.npy,"(1812.0, 1839.0)",/home/km1123/Lecture/ads-arcadia-reservoirrocks/geointerpreter/data/205-21b-3_image.npy,30.296160000000963,213.2826,13.0243,15.1845,os,1188.9718812565457
1828.2672,8.8717,8.9318,9.545,9.4208,9.6656,12.0826,-0.0079,2.1394,113.2143,214.3426,226.4736,50.1892,0.3626,3.4145,89.625,1.4842,205-21b-3,3.9959999996,60.32,/home/km1123/Lecture/ads-arcadia-reservoirrocks/geointerpreter/data/205-21b-3_depth.npy,"(1812.0, 1839.0)",/home/km1123/Lecture/ads-arcadia-reservoirrocks/geointerpreter/data/205-21b-3_image.npy,31.698240000000443,214.3426,8.90175,9.4829,os,1196.0892070141213
1828.4196,8.0406,8.1026,8.4404,8.0832,8.3365,12.084,-0.0044,2.1583,113.8482,215.0611,226.3589,52.0703,0.3727,3.3951,88.875,1.4466,205-21b-3,3.9959999996,60.32,/home/km1123/Lecture/ads-arcadia-reservoirrocks/geointerpreter/data/205-21b-3_depth.npy,"(1812.0, 1839.0)",/home/km1123/Lecture/ads-arcadia-reservoirrocks/geointerpreter/data/205-21b-3_image.npy,31.901698630136995,215.0611,8.0716,8.261800000000001,os,1123.0649449125865
1828.572,8.1588,8.1588,8.1206,7.5477,7.7626,12.0838,-0.0057,2.1494,114.9077,215.0323,225.9348,53.4385,0.3889,3.247,88.25,1.3799,205-21b-3,3.9959999996,60.32,/home/km1123/Lecture/ads-arcadia-reservoirrocks/geointerpreter/data/205-21b-3_depth.npy,"(1812.0, 1839.0)",/home/km1123/Lecture/ads-arcadia-reservoirrocks/geointerpreter/data/205-21b-3_image.npy,31.77643835616444,215.0323,8.1588,7.834149999999999,os,1076.8691852058641
1828.7244,9.3343,9.3747,9.1653,8.3871,8.6389,12.0826,-0.0056,2.1165,115.4286,214.8199,223.293,43.9701,0.3884,3.0565,87.625,1.3151,205-21b-3,3.9959999996,60.32,/home/km1123/Lecture/ads-arcadia-reservoirrocks/geointerpreter/data/205-21b-3_depth.npy,"(1812.0, 1839.0)",/home/km1123/Lecture/ads-arcadia-reservoirrocks/geointerpreter/data/205-21b-3_image.npy,31.651178082191702,214.8199,9.354500000000002,8.7762,ms,986.8279712524082
1828.8768,18.6177,20.6109,17.4068,15.677,16.2796,12.0838,-0.0067,2.0992,115.3839,215.3828,221.9286,39.4782,0.3666,3.017,85.625,1.251,205-21b-3,3.9959999996,60.32,/home/km1123/Lecture/ads-arcadia-reservoirrocks/geointerpreter/data/205-21b-3_depth.npy,"(1812.0, 1839.0)",/home/km1123/Lecture/ads-arcadia-reservoirrocks/geointerpreter/data/205-21b-3_image.npy,31.52591780821915,215.3828,19.6143,16.5419,sh,1176.9798272247187
1829.0292,22.8483,26.3041,21.6526,20.6449,21.5235,12.0838,-0.0069,2.0944,114.6071,216.1589,219.5353,38.18,0.3631,2.9837,85.1875,1.2457,205-21b-3,3.9959999996,60.32,/home/km1123/Lecture/ads-arcadia-reservoirrocks/geointerpreter/data/205-21b-3_depth.npy,"(1812.0, 1839.0)",/home/km1123/Lecture/ads-arcadia-reservoirrocks/geointerpreter/data/205-21b-3_image.npy,31.400657534246594,216.1589,24.5762,21.14875,sh,1181.260130255022
1829.1816,14.7135,16.1928,15.9153,16.9586,17.6501,12.0814,-0.0087,2.1114,113.7411,215.4512,222.3111,39.973,0.3556,3.0738,87.0625,1.3137,205-21b-3,3.9959999996,60.32,/home/km1123/Lecture/ads-arcadia-reservoirrocks/geointerpreter/data/205-21b-3_depth.npy,"(1812.0, 1839.0)",/home/km1123/Lecture/ads-arcadia-reservoirrocks/geointerpreter/data/205-21b-3_image.npy,30.297454545455288,215.4512,15.453149999999999,16.43695,s,1182.8889181338097
1829.334,11.0305,12.0133,11.8718,12.2421,12.7627,12.0814,-0.0082,2.1465,112.7738,212.1151,226.7026,42.4786,0.361,3.3896,89.125,1.3207,205-21b-3,3.9959999996,60.32,/home/km1123/Lecture/ads-arcadia-reservoirrocks/geointerpreter/data/205-21b-3_depth.npy,"(1812.0, 1839.0)",/home/km1123/Lecture/ads-arcadia-reservoirrocks/geointerpreter/data/205-21b-3_image.npy,29.18909090909055,212.1151,11.521899999999999,12.05695,ms,863.8446675863772
1829.4864,8.6412,9.3064,9.2261,9.1545,9.573,12.085,-0.0058,2.1999,112.5089,211.3777,227.0259,48.6906,0.3571,3.6042,89.0,1.3164,205-21b-3,3.9959999996,60.32,/home/km1123/Lecture/ads-arcadia-reservoirrocks/geointerpreter/data/205-21b-3_depth.npy,"(1812.0, 1839.0)",/home/km1123/Lecture/ads-arcadia-reservoirrocks/geointerpreter/data/205-21b-3_image.npy,27.708000000000805,211.3777,8.9738,9.1903,ms,547.0641328952811
1829.6388,6.646,6.9006,6.8751,6.3208,6.5433,12.0874,-0.0039,2.2323,111.8065,211.1119,227.2927,48.2416,0.3661,3.4056,88.375,1.3043,205-21b-3,3.9959999996,60.32,/home/km1123/Lecture/ads-arcadia-reservoirrocks/geointerpreter/data/205-21b-3_depth.npy,"(1812.0, 1839.0)",/home/km1123/Lecture/ads-arcadia-reservoirrocks/geointerpreter/data/205-21b-3_image.npy,23.1360000000033,211.1119,6.7733,6.59795,ms,265.068158590323
1829.7912,7.2646,7.5198,7.3985,6.6617,6.9059,12.0953,-0.0088,2.1865,111.9107,209.7226,227.9818,46.9198,0.3636,3.1892,89.875,1.308,205-21b-3,3.9959999996,60.32,/home/km1123/Lecture/ads-arcadia-reservoirrocks/geointerpreter/data/205-21b-3_depth.npy,"(1812.0, 1839.0)",/home/km1123/Lecture/ads-arcadia-reservoirrocks/geointerpreter/data/205-21b-3_image.npy,24.85374999999597,209.7226,7.3922,7.0301,ms,295.3301229895601
1829.9436,13.1902,14.0048,12.5402,11.6689,12.3069,12.0849,-0.0148,2.1413,112.6339,206.7714,222.9352,44.0766,0.3647,3.1443,90.4375,1.3847,205-21b-3,3.9959999996,60.32,/home/km1123/Lecture/ads-arcadia-reservoirrocks/geointerpreter/data/205-21b-3_depth.npy,"(1812.0, 1839.0)",/home/km1123/Lecture/ads-arcadia-reservoirrocks/geointerpreter/data/205-21b-3_image.npy,28.901875000001304,206.7714,13.5975,12.10455,os,908.9284278311832
1830.096,15.7069,16.6801,14.9938,14.695,15.5737,12.069,-0.011,2.1355,113.1101,210.3705,213.8462,38.4243,0.3469,3.1189,90.1875,1.3846,205-21b-3,3.9959999996,60.32,/home/km1123/Lecture/ads-arcadia-reservoirrocks/geointerpreter/data/205-21b-3_depth.npy,"(1812.0, 1839.0)",/home/km1123/Lecture/ads-arcadia-reservoirrocks/geointerpreter/data/205-21b-3_image.npy,29.887999999999902,210.3705,16.1935,14.8444,os,1161.9001467688113
1830.2484,21.925,22.3685,22.349,23.1835,23.9235,12.0703,-0.0068,2.1588,113.2262,209.5984,214.6099,37.8596,0.3315,3.0202,89.4375,1.3729,205-21b-3,3.9959999996,60.32,/home/km1123/Lecture/ads-arcadia-reservoirrocks/geointerpreter/data/205-21b-3_depth.npy,"(1812.0, 1839.0)",/home/km1123/Lecture/ads-arcadia-reservoirrocks/geointerpreter/data/205-21b-3_image.npy,29.075200000000084,209.5984,22.14675,22.76625,s,799.1386244880615
1830.4008,25.6622,26.0108,25.8319,26.6944,27.451,12.0678,-0.0068,2.1655,113.6518,207.8174,217.9765,38.8246,0.3047,2.8193,90.1875,1.3162,205-21b-3,3.9959999996,60.32,/home/km1123/Lecture/ads-arcadia-reservoirrocks/geointerpreter/data/205-21b-3_depth.npy,"(1812.0, 1839.0)",/home/km1123/Lecture/ads-arcadia-reservoirrocks/geointerpreter/data/205-21b-3_image.npy,29.757599999999172,207.8174,25.8365,26.263150000000003,s,1138.9737461135123
1830.5532,38.4084,41.4211,35.671,38.1721,39.8581,12.0605,-0.008,2.1461,114.4643,207.159,216.9196,32.6398,0.31,2.9232,90.0,1.3161,205-21b-3,3.9959999996,60.32,/home/km1123/Lecture/ads-arcadia-reservoirrocks/geointerpreter/data/205-21b-3_depth.npy,"(1812.0, 1839.0)",/home/km1123/Lecture/ads-arcadia-reservoirrocks/geointerpreter/data/205-21b-3_image.npy,30.992600000000266,207.159,39.91475,36.921549999999996,s,1140.803062769079
1830.7056,35.4074,39.3018,34.5772,37.2613,38.8734,12.0581,-0.0065,2.137,114.878,206.6263,217.4521,38.4064,0.3331,3.0308,89.75,1.3478,205-21b-3,3.9959999996,60.32,/home/km1123/Lecture/ads-arcadia-reservoirrocks/geointerpreter/data/205-21b-3_depth.npy,"(1812.0, 1839.0)",/home/km1123/Lecture/ads-arcadia-reservoirrocks/geointerpreter/data/205-21b-3_image.npy,31.8139999999999,206.6263,37.354600000000005,35.91925,s,1073.710989842006
1830.858,22.8977,25.0252,26.2572,27.7603,28.6362,12.0849,-0.0115,2.1218,114.4107,207.8118,218.1863,38.1088,0.3575,3.0764,90.8125,1.3626,205-21b-3,3.9959999996,60.32,/home/km1123/Lecture/ads-arcadia-reservoirrocks/geointerpreter/data/205-21b-3_depth.npy,"(1812.0, 1839.0)",/home/km1123/Lecture/ads-arcadia-reservoirrocks/geointerpreter/data/205-21b-3_image.npy,32.194999999999816,207.8118,23.96145,27.00875,s,1113.80389255333
1831.0104,21.1563,22.5628,24.2929,25.9164,26.6975,12.0812,-0.0152,2.1042,113.253,210.4464,221.4154,40.8317,0.3569,3.1075,91.0625,1.31,205-21b-3,3.9959999996,60.32,/home/km1123/Lecture/ads-arcadia-reservoirrocks/geointerpreter/data/205-21b-3_depth.npy,"(1812.0, 1839.0)",/home/km1123/Lecture/ads-arcadia-reservoirrocks/geointerpreter/data/205-21b-3_image.npy,32.57599999999973,210.4464,21.85955,25.10465,s,1167.2092644541563
1831.1628,13.1439,12.9913,14.046,15.5495,16.2427,12.0836,-0.0157,2.1051,112.9762,211.755,221.8882,39.9064,0.3461,3.1562,91.125,1.3372,205-21b-3,3.9959999996,60.32,/home/km1123/Lecture/ads-arcadia-reservoirrocks/geointerpreter/data/205-21b-3_depth.npy,"(1812.0, 1839.0)",/home/km1123/Lecture/ads-arcadia-reservoirrocks/geointerpreter/data/205-21b-3_image.npy,32.957000000000214,211.755,13.0676,14.79775,ms,984.8810015554386
1831.3152,10.6234,10.5186,11.1974,11.8151,12.3475,12.0824,-0.0138,2.1312,113.0446,211.6193,221.2815,45.8728,0.3463,3.3456,90.375,1.6032,205-21b-3,3.9959999996,60.32,/home/km1123/Lecture/ads-arcadia-reservoirrocks/geointerpreter/data/205-21b-3_depth.npy,"(1812.0, 1839.0)",/home/km1123/Lecture/ads-arcadia-reservoirrocks/geointerpreter/data/205-21b-3_image.npy,33.23159999999979,211.6193,10.571,11.50625,os,1196.0892070141213
1831.4676,8.6946,8.6385,8.9925,9.0564,9.4487,12.0839,-0.0115,2.1823,112.7381,211.9942,221.3922,53.61,0.3461,3.484,90.4375,2.0663,205-21b-3,3.9959999996,60.32,/home/km1123/Lecture/ads-arcadia-reservoirrocks/geointerpreter/data/205-21b-3_depth.npy,"(1812.0, 1839.0)",/home/km1123/Lecture/ads-arcadia-reservoirrocks/geointerpreter/data/205-21b-3_image.npy,32.5458000000002,211.9942,8.66655,9.02445,os,988.2713267612784
1831.62,6.2319,6.1843,6.1866,5.8704,6.0603,12.0824,-0.0098,2.2208,112.378,212.2706,221.7483,52.6029,0.3614,3.3041,90.25,2.4549,205-21b-3,3.9959999996,60.32,/home/km1123/Lecture/ads-arcadia-reservoirrocks/geointerpreter/data/205-21b-3_depth.npy,"(1812.0, 1839.0)",/home/km1123/Lecture/ads-arcadia-reservoirrocks/geointerpreter/data/205-21b-3_image.npy,26.266666666674414,212.2706,6.2081,6.0285,s,381.9463468162385
1831.7724,6.2945,6.2277,6.1801,5.8678,6.0539,12.0849,-0.0077,2.2206,112.5,211.9607,222.5313,52.3263,0.3632,3.2447,90.125,2.1988,205-21b-3,3.9959999996,60.32,/home/km1123/Lecture/ads-arcadia-reservoirrocks/geointerpreter/data/205-21b-3_depth.npy,"(1812.0, 1839.0)",/home/km1123/Lecture/ads-arcadia-reservoirrocks/geointerpreter/data/205-21b-3_image.npy,21.85359999999968,211.9607,6.2611,6.02395,os,315.590289905977
1831.9248,8.6687,8.6239,8.2878,7.9968,8.2973,12.0947,-0.0074,2.1811,113.1696,209.6832,222.8877,51.0632,0.3655,3.178,91.1875,1.8053,205-21b-3,3.9959999996,60.32,/home/km1123/Lecture/ads-arcadia-reservoirrocks/geointerpreter/data/205-21b-3_depth.npy,"(1812.0, 1839.0)",/home/km1123/Lecture/ads-arcadia-reservoirrocks/geointerpreter/data/205-21b-3_image.npy,19.632914285714218,209.6832,8.6463,8.1423,os,345.03897513488954
1832.0772,9.7483,9.7628,9.3718,9.1307,9.488,12.1007,-0.0053,2.1526,113.1667,210.9744,222.7313,48.6166,0.3505,3.3203,91.3125,1.457,205-21b-3,3.9959999996,60.32,/home/km1123/Lecture/ads-arcadia-reservoirrocks/geointerpreter/data/205-21b-3_depth.npy,"(1812.0, 1839.0)",/home/km1123/Lecture/ads-arcadia-reservoirrocks/geointerpreter/data/205-21b-3_image.npy,20.577999999998138,210.9744,9.75555,9.251249999999999,os,456.15581568323
1832.2296,10.9016,11.003,11.1206,11.5817,11.9439,12.1373,-0.004,2.1428,112.7976,211.3256,220.3307,51.2837,0.3393,3.3149,91.5,1.3037,205-21b-3,3.9959999996,60.32,/home/km1123/Lecture/ads-arcadia-reservoirrocks/geointerpreter/data/205-21b-3_depth.npy,"(1812.0, 1839.0)",/home/km1123/Lecture/ads-arcadia-reservoirrocks/geointerpreter/data/205-21b-3_image.npy,28.578999999993343,211.3256,10.952300000000001,11.35115,ms,645.1980991194907
1832.382,10.9559,11.0897,11.2505,11.9817,12.3077,12.1729,0.0002,2.1459,112.9256,210.5522,220.1413,53.5253,0.3481,3.2089,91.75,1.274,205-21b-3,3.9959999996,60.32,/home/km1123/Lecture/ads-arcadia-reservoirrocks/geointerpreter/data/205-21b-3_depth.npy,"(1812.0, 1839.0)",/home/km1123/Lecture/ads-arcadia-reservoirrocks/geointerpreter/data/205-21b-3_image.npy,30.514074074074752,210.5522,11.0228,11.6161,ms,873.0194291260854
1832.5344,10.7144,11.0867,10.8127,11.3799,11.767,12.1765,-0.0021,2.1491,114.0476,209.8827,221.3249,54.2936,0.3664,3.3053,92.125,1.3359,205-21b-3,3.9959999996,60.32,/home/km1123/Lecture/ads-arcadia-reservoirrocks/geointerpreter/data/205-21b-3_depth.npy,"(1812.0, 1839.0)",/home/km1123/Lecture/ads-arcadia-reservoirrocks/geointerpreter/data/205-21b-3_image.npy,32.2794999999999,209.8827,10.900549999999999,11.0963,ms,860.86958276033
1832.6868,10.2761,10.6501,10.397,10.6493,11.058,12.1668,-0.0019,2.1647,115.2768,210.6364,223.6863,54.9322,0.3976,3.4386,91.875,1.2965,205-21b-3,3.9959999996,60.32,/home/km1123/Lecture/ads-arcadia-reservoirrocks/geointerpreter/data/205-21b-3_depth.npy,"(1812.0, 1839.0)",/home/km1123/Lecture/ads-arcadia-reservoirrocks/geointerpreter/data/205-21b-3_image.npy,33.3,210.6364,10.4631,10.523150000000001,ms,986.2396028917137
1832.8392,10.3667,10.4399,10.835,10.5666,11.0527,12.1219,-0.0016,2.173,115.4494,210.4356,223.6807,45.1505,0.3885,3.4399,91.4375,1.2623,205-21b-3,3.9959999996,60.32,/home/km1123/Lecture/ads-arcadia-reservoirrocks/geointerpreter/data/205-21b-3_depth.npy,"(1812.0, 1839.0)",/home/km1123/Lecture/ads-arcadia-reservoirrocks/geointerpreter/data/205-21b-3_image.npy,33.3,210.4356,10.4033,10.700800000000001,sh,1071.441965843676
1832.9916,11.516,11.4922,12.0567,11.8319,12.3737,12.0887,-0.0041,2.1387,115.2113,210.016,226.2351,42.7084,0.3767,3.2722,93.0625,1.2563,205-21b-3,3.9959999996,60.32,/home/km1123/Lecture/ads-arcadia-reservoirrocks/geointerpreter/data/205-21b-3_depth.npy,"(1812.0, 1839.0)",/home/km1123/Lecture/ads-arcadia-reservoirrocks/geointerpreter/data/205-21b-3_image.npy,32.63589999999998,210.016,11.504100000000001,11.944299999999998,ms,885.822388377173
1833.144,15.9921,15.6591,16.0344,16.9047,17.7268,12.0838,-0.0084,2.1003,115.3006,210.3391,224.7996,44.9832,0.3438,3.1964,93.5,1.2593,205-21b-3,3.9959999996,60.32,/home/km1123/Lecture/ads-arcadia-reservoirrocks/geointerpreter/data/205-21b-3_depth.npy,"(1812.0, 1839.0)",/home/km1123/Lecture/ads-arcadia-reservoirrocks/geointerpreter/data/205-21b-3_image.npy,31.531000000000013,210.3391,15.825600000000001,16.469549999999998,sh,1086.287894335861
1833.2964,14.0051,13.7073,14.1964,14.9936,15.6887,12.0826,-0.0074,2.1026,114.3542,210.8896,222.8246,45.6848,0.3523,3.4205,93.25,1.287,205-21b-3,3.9959999996,60.32,/home/km1123/Lecture/ads-arcadia-reservoirrocks/geointerpreter/data/205-21b-3_depth.npy,"(1812.0, 1839.0)",/home/km1123/Lecture/ads-arcadia-reservoirrocks/geointerpreter/data/205-21b-3_image.npy,30.426100000000048,210.8896,13.856200000000001,14.595,s,1121.7799212483424
1833.4488,11.7901,11.5875,12.124,12.5907,13.1424,12.0899,-0.0046,2.1385,113.7054,211.4594,221.9202,47.9167,0.3602,3.4786,93.0625,1.3034,205-21b-3,3.9959999996,60.32,/home/km1123/Lecture/ads-arcadia-reservoirrocks/geointerpreter/data/205-21b-3_depth.npy,"(1812.0, 1839.0)",/home/km1123/Lecture/ads-arcadia-reservoirrocks/geointerpreter/data/205-21b-3_image.npy,28.093600000001494,211.4594,11.6888,12.35735,ms,827.038951611918
1833.6012,7.6784,7.7234,7.88,7.9315,8.23,12.1301,-0.0057,2.1768,112.9494,211.6424,223.0609,50.8366,0.3636,3.5255,93.75,1.3033,205-21b-3,3.9959999996,60.32,/home/km1123/Lecture/ads-arcadia-reservoirrocks/geointerpreter/data/205-21b-3_depth.npy,"(1812.0, 1839.0)",/home/km1123/Lecture/ads-arcadia-reservoirrocks/geointerpreter/data/205-21b-3_image.npy,26.540999999999705,211.6424,7.7009,7.905749999999999,ms,439.32600220274145
1833.7536,7.0875,7.1838,7.2487,7.3071,7.5728,12.1422,-0.0032,2.1909,113.131,211.1117,226.7792,49.6441,0.3686,3.3619,93.125,1.2973,205-21b-3,3.9959999996,60.32,/home/km1123/Lecture/ads-arcadia-reservoirrocks/geointerpreter/data/205-21b-3_depth.npy,"(1812.0, 1839.0)",/home/km1123/Lecture/ads-arcadia-reservoirrocks/geointerpreter/data/205-21b-3_image.npy,27.81788235294152,211.1117,7.13565,7.277900000000001,ms,586.7495048112439
1833.906,6.7956,6.95,6.9558,6.9662,7.2046,12.1752,-0.0034,2.1817,114.2411,211.7506,227.0181,49.5673,0.3767,3.4615,92.625,1.2726,205-21b-3,3.9959999996,60.32,/home/km1123/Lecture/ads-arcadia-reservoirrocks/geointerpreter/data/205-21b-3_depth.npy,"(1812.0, 1839.0)",/home/km1123/Lecture/ads-arcadia-reservoirrocks/geointerpreter/data/205-21b-3_image.npy,32.22511627906981,211.7506,6.8728,6.961,ms,834.4439600716697
1834.0584,7.1996,7.3733,7.4096,7.3438,7.5981,12.1617,-0.0048,2.1461,115.2887,211.7098,225.011,48.3457,0.3959,3.3665,93.4375,1.2446,205-21b-3,3.9959999996,60.32,/home/km1123/Lecture/ads-arcadia-reservoirrocks/geointerpreter/data/205-21b-3_depth.npy,"(1812.0, 1839.0)",/home/km1123/Lecture/ads-arcadia-reservoirrocks/geointerpreter/data/205-21b-3_image.npy,32.3314418604651,211.7098,7.28645,7.3767,ms,938.9338632659205
1834.2108,10.6892,11.2982,11.1202,10.7491,11.1398,12.1288,-0.0073,2.1219,115.878,212.6469,223.0522,48.522,0.3912,3.2995,93.0,1.2503,205-21b-3,3.9959999996,60.32,/home/km1123/Lecture/ads-arcadia-reservoirrocks/geointerpreter/data/205-21b-3_depth.npy,"(1812.0, 1839.0)",/home/km1123/Lecture/ads-arcadia-reservoirrocks/geointerpreter/data/205-21b-3_image.npy,32.43776744186055,212.6469,10.9937,10.934650000000001,s,1134.1800166075286
1834.3632,12.9404,13.9265,13.3864,13.0469,13.508,12.1264,-0.0069,2.0959,115.7708,211.4771,215.8031,42.9832,0.3819,3.1401,91.75,1.2714,205-21b-3,3.9959999996,60.32,/home/km1123/Lecture/ads-arcadia-reservoirrocks/geointerpreter/data/205-21b-3_depth.npy,"(1812.0, 1839.0)",/home/km1123/Lecture/ads-arcadia-reservoirrocks/geointerpreter/data/205-21b-3_image.npy,32.05759999999974,211.4771,13.43345,13.216650000000001,s,1090.814964814402
1834.5156,22.6542,25.138,23.4468,25.5644,25.8666,12.0922,-0.0087,2.0822,115.3304,210.6368,217.1922,45.4571,0.362,3.0679,89.9375,1.3053,205-21b-3,3.9959999996,60.32,/home/km1123/Lecture/ads-arcadia-reservoirrocks/geointerpreter/data/205-21b-3_depth.npy,"(1812.0, 1839.0)",/home/km1123/Lecture/ads-arcadia-reservoirrocks/geointerpreter/data/205-21b-3_image.npy,31.022000000000272,210.6368,23.8961,24.5056,s,1140.060710735148
1834.668,24.028,26.4821,25.3849,27.1669,27.478,12.1105,-0.0135,2.0724,114.6667,209.0725,217.4022,38.8865,0.3572,3.136,88.6875,1.3212,205-21b-3,3.9959999996,60.32,/home/km1123/Lecture/ads-arcadia-reservoirrocks/geointerpreter/data/205-21b-3_depth.npy,"(1812.0, 1839.0)",/home/km1123/Lecture/ads-arcadia-reservoirrocks/geointerpreter/data/205-21b-3_image.npy,30.26000000000073,209.0725,25.255049999999997,26.2759,s,1136.0879834624209
1834.8204,17.6351,18.808,19.3424,21.1085,21.593,12.1117,-0.0114,2.0998,114.2113,208.3302,218.2534,37.0814,0.3556,3.2944,88.125,1.3151,205-21b-3,3.9959999996,60.32,/home/km1123/Lecture/ads-arcadia-reservoirrocks/geointerpreter/data/205-21b-3_depth.npy,"(1812.0, 1839.0)",/home/km1123/Lecture/ads-arcadia-reservoirrocks/geointerpreter/data/205-21b-3_image.npy,30.431100000000164,208.3302,18.22155,20.225450000000002,s,1091.9178202922576
1834.9728,15.7356,16.6246,17.2923,18.0046,18.4573,12.1047,-0.0093,2.1327,114.131,207.7551,220.5709,49.5118,0.3784,3.4759,86.875,1.2675,205-21b-3,3.9959999996,60.32,/home/km1123/Lecture/ads-arcadia-reservoirrocks/geointerpreter/data/205-21b-3_depth.npy,"(1812.0, 1839.0)",/home/km1123/Lecture/ads-arcadia-reservoirrocks/geointerpreter/data/205-21b-3_image.npy,30.85020000000015,207.7551,16.1801,17.64845,sh,1107.9872122639224
1835.1252,16.1086,16.8321,16.9403,15.9094,16.2808,12.091,-0.0111,2.1382,114.1607,207.2682,220.1505,46.9019,0.3708,3.4248,88.125,1.2675,205-21b-3,3.9959999996,60.32,/home/km1123/Lecture/ads-arcadia-reservoirrocks/geointerpreter/data/205-21b-3_depth.npy,"(1812.0, 1839.0)",/home/km1123/Lecture/ads-arcadia-reservoirrocks/geointerpreter/data/205-21b-3_image.npy,31.275600000000104,207.2682,16.47035,16.42485,sh,1095.8905475649847
1835.2776,17.3988,18.2935,18.1316,17.5525,17.9579,12.0837,-0.013,2.1228,113.9702,206.7989,220.0377,45.2826,0.3713,3.3368,89.4375,1.2733,205-21b-3,3.9959999996,60.32,/home/km1123/Lecture/ads-arcadia-reservoirrocks/geointerpreter/data/205-21b-3_depth.npy,"(1812.0, 1839.0)",/home/km1123/Lecture/ads-arcadia-reservoirrocks/geointerpreter/data/205-21b-3_image.npy,31.73279999999983,206.7989,17.84615,17.84205,s,1095.8905475649847
1835.43,18.5774,19.6338,19.3864,19.7013,20.1471,12.0847,-0.0096,2.1089,113.7024,207.0146,220.8995,45.3198,0.3543,3.2415,88.6875,1.291,205-21b-3,3.9959999996,60.32,/home/km1123/Lecture/ads-arcadia-reservoirrocks/geointerpreter/data/205-21b-3_depth.npy,"(1812.0, 1839.0)",/home/km1123/Lecture/ads-arcadia-reservoirrocks/geointerpreter/data/205-21b-3_image.npy,29.264999999998448,207.0146,19.105600000000003,19.54385,s,936.6011741932581
1835.5824,20.3999,21.5505,22.0231,24.9888,25.3603,12.0825,-0.0097,2.1073,113.6577,207.3356,220.3826,46.0942,0.3615,3.2762,88.4375,1.3072,205-21b-3,3.9959999996,60.32,/home/km1123/Lecture/ads-arcadia-reservoirrocks/geointerpreter/data/205-21b-3_depth.npy,"(1812.0, 1839.0)",/home/km1123/Lecture/ads-arcadia-reservoirrocks/geointerpreter/data/205-21b-3_image.npy,29.506799999999767,207.3356,20.9752,23.50595,s,1059.0764061508435
1835.7348,20.7891,21.9643,22.3964,25.499,25.8574,12.0751,-0.0087,2.1087,113.3899,207.2743,219.4769,46.943,0.3701,3.2417,89.5,1.3194,205-21b-3,3.9959999996,60.32,/home/km1123/Lecture/ads-arcadia-reservoirrocks/geointerpreter/data/205-21b-3_depth.npy,"(1812.0, 1839.0)",/home/km1123/Lecture/ads-arcadia-reservoirrocks/geointerpreter/data/205-21b-3_image.npy,31.815130434782567,207.2743,21.3767,23.947699999999998,s,1140.060710735148
1835.8872,22.413,23.8123,23.2064,23.8125,24.1197,12.0715,-0.0082,2.1068,113.2232,207.3398,220.4518,46.2558,0.3681,3.2984,89.0,1.3331,205-21b-3,3.9959999996,60.32,/home/km1123/Lecture/ads-arcadia-reservoirrocks/geointerpreter/data/205-21b-3_depth.npy,"(1812.0, 1839.0)",/home/km1123/Lecture/ads-arcadia-reservoirrocks/geointerpreter/data/205-21b-3_image.npy,31.88139130434775,207.3398,23.112650000000002,23.50945,s,1095.8905475649847
1836.0396,23.125,24.6386,23.9406,23.4372,23.6968,12.069,-0.0083,2.1086,114.0327,207.0252,220.1784,43.9995,0.3728,3.2512,88.6875,1.3393,205-21b-3,3.9959999996,60.32,/home/km1123/Lecture/ads-arcadia-reservoirrocks/geointerpreter/data/205-21b-3_depth.npy,"(1812.0, 1839.0)",/home/km1123/Lecture/ads-arcadia-reservoirrocks/geointerpreter/data/205-21b-3_image.npy,32.630666666666905,207.0252,23.8818,23.6889,s,1069.6337293831666
1836.192,25.9713,27.8343,27.7903,26.1167,26.1998,12.069,-0.0083,2.1097,114.4435,206.1219,219.807,42.4065,0.3477,3.0909,90.0,1.3392,205-21b-3,3.9959999996,60.32,/home/km1123/Lecture/ads-arcadia-reservoirrocks/geointerpreter/data/205-21b-3_depth.npy,"(1812.0, 1839.0)",/home/km1123/Lecture/ads-arcadia-reservoirrocks/geointerpreter/data/205-21b-3_image.npy,33.64666666666686,206.1219,26.9028,26.9535,s,1128.0822019632183
1836.3444,27.3804,29.2666,29.5025,28.5548,28.5178,12.0703,-0.0067,2.1154,115.0,205.5055,217.0492,45.272,0.3524,2.981,89.875,1.3392,205-21b-3,3.9959999996,60.32,/home/km1123/Lecture/ads-arcadia-reservoirrocks/geointerpreter/data/205-21b-3_depth.npy,"(1812.0, 1839.0)",/home/km1123/Lecture/ads-arcadia-reservoirrocks/geointerpreter/data/205-21b-3_image.npy,34.103499999999976,205.5055,28.323500000000003,29.02865,s,1207.441292872309
1836.4968,36.1341,37.8945,39.4429,43.9202,43.4122,12.0654,-0.0083,2.1081,115.4256,205.0695,214.6778,38.3389,0.3411,2.9301,89.5,1.3391,205-21b-3,3.9959999996,60.32,/home/km1123/Lecture/ads-arcadia-reservoirrocks/geointerpreter/data/205-21b-3_depth.npy,"(1812.0, 1839.0)",/home/km1123/Lecture/ads-arcadia-reservoirrocks/geointerpreter/data/205-21b-3_image.npy,30.9362105263232,205.0695,37.0143,41.68155,s,1174.2332842143005
1836.6492,41.5643,43.2561,45.3115,51.119,50.5062,12.0703,-0.0092,2.0973,115.247,204.3117,213.6072,39.5352,0.3489,3.0143,89.3125,1.2895,205-21b-3,3.9959999996,60.32,/home/km1123/Lecture/ads-arcadia-reservoirrocks/geointerpreter/data/205-21b-3_depth.npy,"(1812.0, 1839.0)",/home/km1123/Lecture/ads-arcadia-reservoirrocks/geointerpreter/data/205-21b-3_image.npy,22.193263157894876,204.3117,42.4102,48.21525,s,331.80783766070533
1836.8016,68.9087,72.5789,72.5236,79.1546,78.145,12.0691,-0.0118,2.0825,115.128,203.1475,216.6138,38.0746,0.34,3.0005,90.0,1.2729,205-21b-3,3.9959999996,60.32,/home/km1123/Lecture/ads-arcadia-reservoirrocks/geointerpreter/data/205-21b-3_depth.npy,"(1812.0, 1839.0)",/home/km1123/Lecture/ads-arcadia-reservoirrocks/geointerpreter/data/205-21b-3_image.npy,25.79023999999763,203.1475,70.7438,75.8391,s,373.9531172422349
1836.954,65.3616,69.5893,69.7363,77.4823,76.7716,12.0676,-0.0128,2.0772,115.5655,203.0736,215.7194,36.1462,0.3447,3.0954,89.5625,1.2847,205-21b-3,3.9959999996,60.32,/home/km1123/Lecture/ads-arcadia-reservoirrocks/geointerpreter/data/205-21b-3_depth.npy,"(1812.0, 1839.0)",/home/km1123/Lecture/ads-arcadia-reservoirrocks/geointerpreter/data/205-21b-3_image.npy,30.254545454544935,203.0736,67.47545,73.60929999999999,s,1076.5343369494442
1837.1064,56.846,60.5584,62.2026,70.9627,70.8061,12.0691,-0.0114,2.0871,115.8988,204.1392,217.3967,36.2627,0.3532,3.2354,88.75,1.3639,205-21b-3,3.9959999996,60.32,/home/km1123/Lecture/ads-arcadia-reservoirrocks/geointerpreter/data/205-21b-3_depth.npy,"(1812.0, 1839.0)",/home/km1123/Lecture/ads-arcadia-reservoirrocks/geointerpreter/data/205-21b-3_image.npy,30.947272727272104,204.1392,58.7022,66.58265,s,1128.4420504480668
1837.2588,37.4438,38.6034,43.8733,47.2475,48.4904,12.0679,-0.0073,2.1114,116.4732,206.2843,217.7892,37.6997,0.3564,3.2533,89.25,1.3007,205-21b-3,3.9959999996,60.32,/home/km1123/Lecture/ads-arcadia-reservoirrocks/geointerpreter/data/205-21b-3_depth.npy,"(1812.0, 1839.0)",/home/km1123/Lecture/ads-arcadia-reservoirrocks/geointerpreter/data/205-21b-3_image.npy,31.589810526315716,206.2843,38.0236,45.5604,s,1084.2718872779037
1837.4112,36.97,37.8151,42.5633,42.4845,43.6682,12.0587,-0.0048,2.1178,116.9196,212.978,214.6294,38.07,0.3461,3.1167,89.0625,1.2553,205-21b-3,3.9959999996,60.32,/home/km1123/Lecture/ads-arcadia-reservoirrocks/geointerpreter/data/205-21b-3_depth.npy,"(1812.0, 1839.0)",/home/km1123/Lecture/ads-arcadia-reservoirrocks/geointerpreter/data/205-21b-3_image.npy,31.413347368421054,212.978,37.39255,42.5239,s,1059.0728319472692
1837.5636,58.3658,59.5739,60.8408,54.5201,54.7797,12.0581,-0.0022,2.1097,117.1042,213.2358,215.051,35.8352,0.3383,2.9517,88.5625,1.2904,205-21b-3,3.9959999996,60.32,/home/km1123/Lecture/ads-arcadia-reservoirrocks/geointerpreter/data/205-21b-3_depth.npy,"(1812.0, 1839.0)",/home/km1123/Lecture/ads-arcadia-reservoirrocks/geointerpreter/data/205-21b-3_image.npy,31.23688421052639,213.2358,58.96985,57.68045,s,1174.2332842143005
1837.716,73.4343,74.0699,75.5061,73.1261,72.6707,12.0398,-0.0006,2.0893,117.3423,215.3425,215.1421,36.8942,0.3306,2.8916,88.125,1.5669,205-21b-3,3.9959999996,60.32,/home/km1123/Lecture/ads-arcadia-reservoirrocks/geointerpreter/data/205-21b-3_depth.npy,"(1812.0, 1839.0)",/home/km1123/Lecture/ads-arcadia-reservoirrocks/geointerpreter/data/205-21b-3_image.npy,31.060421052631728,215.3425,73.7521,74.3161,s,1274.76192349169
1837.8684,69.8634,60.1999,61.7849,55.9819,56.9633,12.041,-0.0022,2.0779,116.6161,217.5549,221.6819,39.6736,0.3476,2.8947,87.8125,1.715,205-21b-3,3.9959999996,60.32,/home/km1123/Lecture/ads-arcadia-reservoirrocks/geointerpreter/data/205-21b-3_depth.npy,"(1812.0, 1839.0)",/home/km1123/Lecture/ads-arcadia-reservoirrocks/geointerpreter/data/205-21b-3_image.npy,30.883957894736803,217.5549,65.03165,58.8834,s,1365.039996441467
1838.0208,54.3135,45.6871,48.962,50.8813,50.869,12.0398,-0.0044,2.0796,115.4881,221.7386,224.1987,39.3583,0.35,3.0946,86.9375,1.6578,205-21b-3,3.9959999996,60.32,/home/km1123/Lecture/ads-arcadia-reservoirrocks/geointerpreter/data/205-21b-3_depth.npy,"(1812.0, 1839.0)",/home/km1123/Lecture/ads-arcadia-reservoirrocks/geointerpreter/data/205-21b-3_image.npy,30.70749473684214,221.7386,50.000299999999996,49.92165,s,1138.9078575277492
1838.1732,25.7966,22.1634,24.9081,28.9822,29.4812,12.0397,-0.0037,2.0917,114.0863,221.9766,225.9092,39.5697,0.3626,3.4091,88.3125,1.4916,205-21b-3,3.9959999996,60.32,/home/km1123/Lecture/ads-arcadia-reservoirrocks/geointerpreter/data/205-21b-3_depth.npy,"(1812.0, 1839.0)",/home/km1123/Lecture/ads-arcadia-reservoirrocks/geointerpreter/data/205-21b-3_image.npy,30.531031578947477,221.9766,23.98,26.945149999999998,s,1187.7575622090328
1838.3256,20.8626,18.3823,20.0937,22.0598,22.6662,12.0397,-0.0022,2.1216,113.0804,219.4811,222.5215,43.7144,0.3595,3.7645,89.25,1.3799,205-21b-3,3.9959999996,60.32,/home/km1123/Lecture/ads-arcadia-reservoirrocks/geointerpreter/data/205-21b-3_depth.npy,"(1812.0, 1839.0)",/home/km1123/Lecture/ads-arcadia-reservoirrocks/geointerpreter/data/205-21b-3_image.npy,,219.4811,19.62245,21.076749999999997,s,418.5884993022426
1838.478,12.7805,12.1935,11.7513,10.9993,11.303,12.0398,-0.0032,2.1463,111.3214,216.7141,217.8687,43.4486,0.375,3.5775,88.125,1.3082,205-21b-3,3.9959999996,60.32,/home/km1123/Lecture/ads-arcadia-reservoirrocks/geointerpreter/data/205-21b-3_depth.npy,"(1812.0, 1839.0)",/home/km1123/Lecture/ads-arcadia-reservoirrocks/geointerpreter/data/205-21b-3_image.npy,,216.7141,12.487,11.3753,s,418.5884993022426
1838.6304,12.0224,11.6012,11.0317,10.2385,10.5162,12.0434,-0.0028,2.1593,111.0893,212.8055,215.7957,44.1544,0.3771,3.2036,87.6875,1.3203,205-21b-3,3.9959999996,60.32,/home/km1123/Lecture/ads-arcadia-reservoirrocks/geointerpreter/data/205-21b-3_depth.npy,"(1812.0, 1839.0)",/home/km1123/Lecture/ads-arcadia-reservoirrocks/geointerpreter/data/205-21b-3_image.npy,,212.8055,11.8118,10.635100000000001,s,386.71567887307043
1838.7828,21.1402,21.3104,20.004,18.324,19.0343,12.041,-0.0037,2.1471,111.0625,217.7123,212.912,41.068,0.3667,3.0362,89.125,1.3386,205-21b-3,3.9959999996,60.32,/home/km1123/Lecture/ads-arcadia-reservoirrocks/geointerpreter/data/205-21b-3_depth.npy,"(1812.0, 1839.0)",/home/km1123/Lecture/ads-arcadia-reservoirrocks/geointerpreter/data/205-21b-3_image.npy,,217.7123,21.2253,19.164,s,460.2048657388363
1838.9352,29.1733,30.5394,28.4992,27.1141,28.2405,12.0434,-0.0065,2.1289,112.3065,217.5946,207.3546,39.5906,0.356,2.9641,88.375,1.3854,205-21b-3,3.9959999996,60.32,/home/km1123/Lecture/ads-arcadia-reservoirrocks/geointerpreter/data/205-21b-3_depth.npy,"(1812.0, 1839.0)",/home/km1123/Lecture/ads-arcadia-reservoirrocks/geointerpreter/data/205-21b-3_image.npy,,217.5946,29.85635,27.806649999999998,s,392.1718845533551

